{"stats":{"minecraft:killed_by":{"minecraft:player":1,"mca:male_villager":1,"hmag:zombie_girl":1,"born_in_chaos_v1:corpse_fly":1,"guardvillagers:guard":2},"minecraft:mined":{"minecraft:oak_slab":1,"minecraft:crafting_table":2,"minecraft:oak_wood":3,"minecraft:grass_block":1,"minecraft:tall_grass":3,"minecraft:spawner":1,"biomesoplenty:mahogany_log":64,"minecraft:stripped_oak_wood":8,"minecraft:yellow_bed":1,"minecraft:grass":5,"minecraft:bookshelf":6,"supplementaries:stick":6,"minecraft:oak_log":3,"minecraft:oak_stairs":1,"minecraft:zombie_head":1,"minecraft:stripped_oak_log":3,"minecraft:white_wool":4,"minecraft:oak_leaves":10,"minecraft:magenta_wool":3,"minecraft:spruce_slab":2,"minecraft:tripwire":5},"minecraft:picked_up":{"minecraft:stripped_oak_log":3,"minecraft:crafting_table":2,"gnumus:gnumus_claw":1,"tconstruct:materials_and_you":1,"minecraft:oak_stairs":1,"paraglider:spirit_orb":2,"minecraft:oak_log":3,"minecraft:yellow_bed":1,"mca:book_romance":1,"minecraft:string":4,"minecraft:dirt":1,"minecraft:purple_carpet":1,"minecraft:white_carpet":4,"minecraft:zombie_head":1,"minecraft:magenta_wool":3,"minecraft:iron_ingot":4,"minecraft:stripped_oak_wood":8,"minecraft:spruce_slab":2,"minecraft:book":18,"minecraft:oak_slab":1,"minecraft:stick":22,"alexsmobs:animal_dictionary":3,"biomesoplenty:mahogany_log":64,"minecraft:oak_wood":3,"minecraft:rotten_flesh":2,"biomesoplenty:mahogany_sapling":14,"knight_quest:kq_great_essence":1,"minecraft:oak_sapling":1,"minecraft:white_wool":3},"minecraft:dropped":{"alexsmobs:animal_dictionary":4,"mca:book_romance":2,"tconstruct:materials_and_you":2},"minecraft:broken":{"minecraft:wooden_axe":1},"minecraft:crafted":{"minecraft:wooden_sword":1,"minecraft:oak_planks":64,"minecraft:crafting_table":1,"minecraft:wooden_pickaxe":1,"minecraft:iron_axe":1,"minecraft:stick":12,"minecraft:wooden_axe":1,"minecraft:iron_shovel":1},"minecraft:used":{"minecraft:spruce_slab":1,"minecraft:wooden_pickaxe":3,"minecraft:rotten_flesh":2,"minecraft:stick":5,"minecraft:oak_slab":1,"minecraft:crafting_table":2,"minecraft:wooden_axe":16,"minecraft:oak_stairs":1,"tombstone:grave_key":3,"minecraft:wooden_sword":52,"minecraft:stripped_oak_wood":1,"tombstone:gift":4,"alexsmobs:animal_dictionary":1},"minecraft:custom":{"minecraft:mob_kills":5,"minecraft:interact_with_crafting_table":7,"minecraft:leave_game":5,"minecraft:time_since_death":7083,"minecraft:climb_one_cm":1885,"minecraft:time_since_rest":6888,"minecraft:sprint_one_cm":134365,"minecraft:damage_taken":1716,"minecraft:walk_one_cm":155421,"minecraft:drop":8,"minecraft:damage_dealt":1371,"minecraft:fly_one_cm":71806,"minecraft:open_chest":2,"minecraft:crouch_one_cm":2572,"minecraft:play_time":31135,"minecraft:deaths":6,"minecraft:sneak_time":691,"tombstone:villager_killed":1,"minecraft:jump":410,"minecraft:total_world_time":31135,"minecraft:fall_one_cm":8070},"minecraft:killed":{"minecraft:iron_golem":1,"gnumus:gnumus_hunter":1,"mca:female_villager":1}},"DataVersion":3120}