{"stats":{"minecraft:dropped":{"minecraft:white_carpet":1,"minecraft:string":1,"minecraft:blue_carpet":1},"minecraft:custom":{"minecraft:time_since_rest":1,"minecraft:sprint_one_cm":65259,"minecraft:damage_taken":3585,"minecraft:walk_one_cm":219589,"minecraft:mob_kills":5,"minecraft:drop":3,"minecraft:damage_dealt":1591,"minecraft:interact_with_crafting_table":3,"minecraft:open_barrel":1,"minecraft:swim_one_cm":1478,"minecraft:fly_one_cm":88558,"minecraft:open_chest":1,"minecraft:play_time":28808,"minecraft:crouch_one_cm":11435,"tombstone:undead_killed":2,"minecraft:deaths":4,"minecraft:sneak_time":1561,"minecraft:walk_under_water_one_cm":124,"minecraft:jump":488,"minecraft:leave_game":5,"minecraft:time_since_death":260,"minecraft:walk_on_water_one_cm":278,"minecraft:total_world_time":28808,"minecraft:climb_one_cm":4578,"minecraft:fall_one_cm":9468},"minecraft:used":{"minecraft:bread":4,"minecraft:stone_pickaxe":6,"minecraft:oak_planks":14,"minecraft:wooden_pickaxe":15,"minecraft:white_wool":1,"tombstone:grave_key":2,"minecraft:stone_axe":35,"minecraft:sand":6,"minecraft:cobblestone":6,"minecraft:crafting_table":1},"minecraft:picked_up":{"biomesoplenty:black_sandstone":3,"minecraft:crafting_table":1,"minecraft:sandstone":1,"minecraft:feather":12,"minecraft:acacia_log":2,"minecraft:sand":6,"minecraft:oak_log":1,"undead_revamp2:huntereye":1,"minecraft:string":5,"minecraft:blue_carpet":1,"create:limestone":1,"minecraft:oak_wood":3,"minecraft:white_carpet":1,"biomesoplenty:black_sand":3,"minecraft:rose_bush":1,"minecraft:bread":4,"minecraft:jungle_sapling":1,"minecraft:oak_planks":6,"minecraft:skeleton_skull":1,"minecraft:white_wool":1,"minecraft:cobblestone":12},"minecraft:crafted":{"minecraft:oak_planks":16,"minecraft:crafting_table":1,"minecraft:stick":16,"minecraft:wooden_pickaxe":1,"minecraft:stone_pickaxe":1,"minecraft:acacia_planks":8,"minecraft:stone_axe":1},"minecraft:mined":{"minecraft:skeleton_skull":1,"minecraft:mossy_stone_brick_slab":1,"minecraft:jungle_leaves":2,"biomesoplenty:black_sand":3,"minecraft:crafting_table":1,"biomesoplenty:black_sandstone":3,"minecraft:acacia_log":6,"minecraft:oak_wood":3,"minecraft:oak_log":1,"minecraft:vine":2,"minecraft:sand":7,"minecraft:tall_grass":1,"biomesoplenty:sprout":1,"minecraft:stone":12,"minecraft:oak_planks":7,"create:limestone":1,"minecraft:sandstone":1,"minecraft:tripwire":2},"minecraft:killed_by":{"dungeons_mod:monje":4},"minecraft:killed":{"minecraft:zombie":1,"greekfantasy:harpy":3,"undead_revamp2:thesmoker":1}},"DataVersion":3120}