{"stats":{"minecraft:mined":{"luminousworld:sunset_petunias":1,"minecraft:red_bed":1,"minecraft:wheat":3,"minecraft:crafting_table":1,"minecraft:oak_log":20,"minecraft:jungle_log":1,"minecraft:rose_bush":1,"minecraft:tall_grass":5,"luminousworld:groundpebbles_2":1,"minecraft:yellow_stained_glass":2,"minecraft:oak_leaves":5,"minecraft:tripwire":4},"minecraft:picked_up":{"minecraft:wooden_axe":2,"luminousworld:groundpebbles_1":1,"minecraft:stick":9,"minecraft:crafting_table":1,"minecraft:wheat":1,"minecraft:jungle_log":1,"luminousworld:sunset_petunias":1,"minecraft:porkchop":5,"minecraft:oak_log":20,"minecraft:string":2,"minecraft:red_bed":1,"minecraft:white_carpet":2,"quark:yellow_shard":7,"minecraft:red_carpet":2,"minecraft:apple":3,"minecraft:wheat_seeds":4,"minecraft:crossbow":1,"minecraft:rose_bush":1,"minecraft:light_gray_wool":1,"minecraft:oak_sapling":18,"minecraft:mutton":3,"minecraft:white_wool":1},"minecraft:dropped":{"luminousworld:groundpebbles_1":1,"minecraft:wooden_axe":3,"minecraft:rose_bush":1,"quark:yellow_shard":1},"minecraft:crafted":{"minecraft:oak_planks":80,"minecraft:crafting_table":1,"minecraft:stick":4,"minecraft:wooden_pickaxe":1,"minecraft:wooden_axe":2,"minecraft:jungle_planks":4},"minecraft:used":{"minecraft:wooden_axe":38,"minecraft:apple":1,"minecraft:bread":2,"minecraft:light_gray_wool":1,"minecraft:crafting_table":1,"minecraft:jungle_planks":4,"alexsmobs:animal_dictionary":1},"minecraft:custom":{"minecraft:time_since_rest":30703,"minecraft:sprint_one_cm":86622,"minecraft:damage_taken":304,"minecraft:walk_one_cm":261602,"minecraft:mob_kills":6,"minecraft:drop":6,"minecraft:damage_dealt":1093,"minecraft:player_kills":1,"minecraft:interact_with_crafting_table":1,"minecraft:fly_one_cm":29945,"minecraft:open_chest":4,"minecraft:crouch_one_cm":1778,"minecraft:play_time":30703,"minecraft:sneak_time":405,"minecraft:jump":330,"minecraft:leave_game":5,"minecraft:time_since_death":30703,"minecraft:climb_one_cm":1653,"minecraft:total_world_time":30703,"minecraft:fall_one_cm":7502},"minecraft:killed":{"minecraft:sheep":2,"minecraft:pig":4}},"DataVersion":3120}