{"stats":{"minecraft:custom":{"minecraft:open_barrel":2,"minecraft:open_chest":5,"minecraft:time_since_rest":6404,"minecraft:play_one_minute":19844,"minecraft:leave_game":2,"minecraft:sprint_one_cm":18938,"minecraft:time_since_death":19844,"minecraft:walk_one_cm":17460,"minecraft:sleep_in_bed":1,"minecraft:bell_ring":2,"minecraft:sneak_time":130,"minecraft:climb_one_cm":882,"minecraft:fall_one_cm":209,"minecraft:fly_one_cm":193907,"minecraft:jump":86},"minecraft:used":{"mcwroofs:gutter_base_black":35,"minecraft:oak_planks":2,"mcwroofs:gutter_middle_black":25,"minecraft:smooth_quartz":2,"minecraft:iron_door":1,"minecraft:cobweb":26}},"DataVersion":2586}