{"stats":{"minecraft:killed_by":{"minecraft:creeper":1,"born_in_chaos_v1:decrepit_skeleton":1,"undead:theheavy":2},"minecraft:broken":{"minecraft:stone_pickaxe":1,"minecraft:wooden_sword":1},"minecraft:dropped":{"minecraft:wheat_seeds":2,"graveyard:small_black_urn":1,"mca:book_romance":1,"tconstruct:materials_and_you":1,"minecraft:crimson_roots":10,"minecraft:nether_wart_block":5,"tombstone:grave_dust":3,"minecraft:armor_stand":2,"alexsmobs:animal_dictionary":1,"minecraft:wheat":1,"minecraft:wooden_pickaxe":2,"mca:book_rose_gold":1},"minecraft:used":{"minecraft:stone_sword":71,"minecraft:iron_shovel":172,"minecraft:armor_stand":1,"minecraft:redstone":1,"minecraft:iron_sword":43,"dynamictrees:oak_seed":3,"minecraft:torch":24,"minecraft:dirt":173,"minecraft:stone_brick_slab":1,"graveyard:gray_urn":1,"minecraft:blue_orchid":1,"minecraft:grass_block":5,"minecraft:oak_stairs":1,"minecraft:smooth_quartz":3,"carryon:tile_item":1,"minecraft:bow":66,"minecraft:furnace":1,"tombstone:gift":8,"epicfight:skillbook":4,"minecraft:oak_planks":43,"minecraft:stone_pickaxe":133,"minecraft:wooden_pickaxe":6,"minecraft:cookie":1,"mcwroofs:gutter_middle_black":25,"minecraft:crafting_table":8,"mcwroofs:gutter_base_black":35,"minecraft:bread":55,"minecraft:iron_pickaxe":12,"tombstone:grave_key":9,"minecraft:iron_door":1,"minecraft:stone_axe":54,"minecraft:wooden_sword":55,"minecraft:cobblestone":22,"minecraft:sea_pickle":1,"minecraft:cobweb":29},"minecraft:killed":{"minecraft:cave_spider":1,"minecraft:witch":1,"born_in_chaos_v1:restless_spirit":5,"minecraft:spider":1,"undead:themermaid":1,"born_in_chaos_v1:scarlet_persecutor":5,"minecraft:skeleton":7,"graveyard:acolyte":2,"dungeonsmod:haunter":3,"minecraft:creeper":4,"born_in_chaos_v1:decrepit_skeleton":2,"minecraft:zombie":15,"born_in_chaos_v1:dread_hound":1,"born_in_chaos_v1:zombiesina_barrel":2,"minecraft:cow":2},"minecraft:custom":{"minecraft:mob_kills":54,"minecraft:interact_with_crafting_table":13,"minecraft:open_barrel":19,"minecraft:bell_ring":2,"minecraft:damage_dealt_resisted":78,"minecraft:leave_game":3,"minecraft:time_since_death":6831,"minecraft:climb_one_cm":4759,"minecraft:sprint_one_cm":342603,"minecraft:walk_one_cm":368574,"minecraft:drop":15,"minecraft:damage_dealt_absorbed":18,"minecraft:deaths":5,"minecraft:sneak_time":6457,"minecraft:walk_under_water_one_cm":1357,"minecraft:jump":1736,"minecraft:walk_on_water_one_cm":3516,"minecraft:interact_with_furnace":20,"tombstone:raider_killed":1,"minecraft:play_one_minute":142977,"minecraft:interact_with_stonecutter":1,"minecraft:sleep_in_bed":1,"minecraft:time_since_rest":6611,"minecraft:waystone_activated":2,"minecraft:damage_taken":3852,"minecraft:damage_dealt":6352,"minecraft:swim_one_cm":5374,"minecraft:fly_one_cm":592337,"minecraft:open_chest":30,"minecraft:crouch_one_cm":19896,"tombstone:undead_killed":30,"minecraft:interact_with_smoker":1,"minecraft:fall_one_cm":44952,"minecraft:inspect_dispenser":3},"minecraft:picked_up":{"minecraft:iron_chestplate":3,"minecraft:crafting_table":5,"minecraft:wheat":3,"minecraft:wooden_pickaxe":1,"minecraft:oak_stairs":1,"minecraft:gold_block":10,"minecraft:enchanted_book":1,"minecraft:string":25,"minecraft:iron_leggings":3,"minecraft:armor_stand":4,"minecraft:blue_orchid":1,"minecraft:sea_pickle":1,"graveyard:small_black_urn":1,"minecraft:gold_nugget":2,"minecraft:beef":12,"dynamictrees:oak_seed":5,"minecraft:phantom_membrane":4,"minecraft:iron_boots":3,"minecraft:furnace":1,"minecraft:stick":17,"minecraft:torch":11,"epicfight:skillbook":4,"tombstone:grave_dust":2,"born_in_chaos_v1:pieceofdarkmetal":1,"minecraft:carrot":1,"minecraft:redstone":6,"minecraft:arrow":5,"minecraft:rotten_flesh":20,"minecraft:hay_block":25,"graveyard:gray_urn":1,"minecraft:mutton":10,"minecraft:skeleton_skull":1,"minecraft:cobblestone":38,"minecraft:leather_chestplate":1,"minecraft:leather":2,"minecraft:smoker":1,"minecraft:oak_log":24,"minecraft:nether_wart_block":5,"minecraft:gunpowder":2,"minecraft:lapis_lazuli":2,"minecraft:dirt":179,"minecraft:bone":26,"minecraft:kelp":2,"minecraft:bow":3,"minecraft:wheat_seeds":3,"minecraft:cobweb":3,"minecraft:iron_ore":21,"minecraft:oak_planks":8,"minecraft:iron_sword":1,"minecraft:book":6,"tconstruct:copper_ore":1,"minecraft:stone_brick_slab":1,"chisel:marble/raw":1,"born_in_chaos_v1:ethereal_spirit":7,"minecraft:spider_eye":1,"minecraft:iron_helmet":3,"minecraft:bread":1,"minecraft:coal":62,"minecraft:crimson_roots":10},"minecraft:mined":{"minecraft:light_gray_stained_glass_pane":1,"graveyard:small_black_urn":1,"graveyard:gray_urn":1,"minecraft:grass_block":156,"minecraft:redstone_wire":1,"minecraft:spawner":5,"minecraft:large_fern":1,"minecraft:hay_block":25,"dynamictrees:oak_leaves":1,"minecraft:furnace":1,"minecraft:iron_ore":21,"chisel:marble/raw":1,"minecraft:gold_block":10,"minecraft:bookshelf":2,"minecraft:oak_stairs":1,"minecraft:stone":37,"minecraft:tripwire":8,"tconstruct:copper_ore":1,"minecraft:crimson_nylium":1,"minecraft:smoker":1,"minecraft:stone_brick_slab":1,"minecraft:crafting_table":5,"minecraft:torch":8,"minecraft:tall_grass":2,"minecraft:cobblestone":1,"minecraft:oak_planks":8,"minecraft:wall_torch":3,"minecraft:skeleton_skull":1,"graveyard:skull_with_rib_cage":1,"graveyard:moss_block":1,"graveyard:skull_pile":1,"minecraft:grass":6,"graveyard:creeper_skeleton":1,"minecraft:oak_log":9,"minecraft:coal_ore":62,"minecraft:dirt":8,"graveyard:leaning_skeleton":1,"minecraft:cobweb":14},"minecraft:crafted":{"minecraft:wooden_sword":1,"minecraft:oak_planks":96,"minecraft:furnace":1,"minecraft:bow":1,"minecraft:stone_pickaxe":1,"minecraft:wheat":225,"sophisticatedbackpacks:iron_backpack":1,"sophisticatedbackpacks:backpack":1,"minecraft:crafting_table":3,"minecraft:wooden_pickaxe":1,"sophisticatedbackpacks:gold_backpack":1,"minecraft:stone_axe":1,"minecraft:bread":88,"minecraft:air":0,"minecraft:stick":8,"quark:oak_chest":1,"minecraft:iron_ingot":21,"minecraft:iron_pickaxe":1,"minecraft:stone_sword":1,"minecraft:iron_shovel":1,"minecraft:gold_ingot":9,"minecraft:torch":20}},"DataVersion":2586}