{"stats":{"minecraft:dropped":{"minecraft:bread":3,"hmag:soul_powder":1,"minecraft:stone":1,"minecraft:wheat_seeds":1,"tconstruct:materials_and_you":1,"alexsmobs:animal_dictionary":3,"minecraft:spruce_planks":1,"greekfantasy:limestone":1,"minecraft:rotten_flesh":1,"minecraft:spruce_slab":1},"minecraft:custom":{"minecraft:time_since_rest":6453,"minecraft:interact_with_furnace":1,"minecraft:sprint_one_cm":308228,"minecraft:damage_taken":1139,"minecraft:walk_one_cm":419049,"minecraft:mob_kills":1,"minecraft:drop":14,"minecraft:damage_dealt":758,"minecraft:swim_one_cm":1489,"minecraft:interact_with_crafting_table":5,"minecraft:fly_one_cm":404292,"minecraft:open_barrel":2,"minecraft:open_chest":48,"minecraft:play_time":100406,"minecraft:crouch_one_cm":5980,"minecraft:deaths":1,"minecraft:sneak_time":1256,"minecraft:walk_under_water_one_cm":164,"minecraft:jump":680,"minecraft:damage_dealt_resisted":2,"minecraft:leave_game":5,"minecraft:time_since_death":6773,"minecraft:walk_on_water_one_cm":878,"minecraft:total_world_time":100406,"minecraft:climb_one_cm":12338,"minecraft:fall_one_cm":17493},"minecraft:used":{"minecraft:wooden_axe":12,"minecraft:spruce_slab":1,"minecraft:bread":14,"minecraft:polished_andesite":2,"minecraft:spruce_planks":5,"minecraft:wooden_pickaxe":18,"greekfantasy:limestone":25,"minecraft:stone":17,"tombstone:grave_key":1,"minecraft:smooth_quartz":2,"minecraft:stone_bricks":2,"minecraft:stick":2,"minecraft:cobblestone":6,"minecraft:hay_block":1,"minecraft:crafting_table":2,"cfm:trampoline":1,"minecraft:carrot":5,"tombstone:gift":2,"minecraft:cooked_beef":1},"minecraft:picked_up":{"minecraft:stick":2,"minecraft:crafting_table":3,"hmag:soul_powder":1,"tconstruct:materials_and_you":1,"mca:book_romance":2,"minecraft:lantern":1,"minecraft:string":1,"alexsmobs:animal_dictionary":3,"minecraft:oak_wood":6,"quark:yellow_shard":1,"minecraft:bone":1,"minecraft:yellow_carpet":2,"minecraft:rotten_flesh":1,"minecraft:wheat_seeds":5,"minecraft:hay_block":13,"luminousworld:white_petunias":1,"minecraft:oak_planks":1,"minecraft:cobblestone":11,"minecraft:furnace":6},"minecraft:crafted":{"minecraft:oak_planks":24,"minecraft:emerald":18,"minecraft:wooden_pickaxe":1,"minecraft:wooden_axe":1,"minecraft:bread":74,"minecraft:wheat":171},"minecraft:mined":{"minecraft:hay_block":13,"minecraft:furnace":6,"minecraft:crafting_table":3,"minecraft:grass":1,"minecraft:oak_wood":6,"supplementaries:stick":2,"minecraft:tall_grass":5,"minecraft:stone":11,"minecraft:oak_planks":1},"minecraft:killed_by":{"minecraft:phantom":1}},"DataVersion":3120}