{"stats":{"minecraft:mined":{"botania:magenta_mushroom":1,"minecraft:diamond_ore":7,"minecraft:dark_oak_log":1,"born_in_chaos_v1:infected_diamond_ore":1,"minecraft:acacia_log":3,"minecraft:grass_block":6,"minecraft:acacia_slab":1,"minecraft:spawner":18,"minecraft:hay_block":36,"minecraft:redstone_ore":4,"minecraft:mossy_cobblestone_stairs":4,"minecraft:iron_ore":61,"minecraft:acacia_wood":2,"minecraft:mossy_stone_brick_stairs":1,"minecraft:vine":6,"minecraft:iron_bars":10,"minecraft:stone":184,"minecraft:crafting_table":1,"minecraft:torch":1,"botania:brown_mushroom":1,"minecraft:tall_grass":5,"minecraft:cobblestone":3,"minecraft:lapis_ore":1,"minecraft:red_terracotta":3,"minecraft:jukebox":1,"minecraft:stone_brick_stairs":2,"quark:deepslate":2,"minecraft:grass":13,"minecraft:coal_ore":72,"minecraft:dirt":28,"minecraft:cobweb":3,"minecraft:cracked_stone_bricks":3,"minecraft:acacia_planks":9,"minecraft:polished_andesite":4,"minecraft:mossy_stone_bricks":2,"quark:root":1},"minecraft:broken":{"minecraft:shield":1,"minecraft:wooden_sword":1,"minecraft:iron_pickaxe":1,"minecraft:iron_helmet":1},"minecraft:used":{"alexsmobs:emu_egg":1,"minecraft:iron_bars":4,"minecraft:stone_sword":30,"minecraft:acacia_log":1,"minecraft:iron_shovel":35,"quark:cobbled_deepslate":2,"minecraft:melon":2,"undead:spottingstaff":1,"botania:magenta_mushroom":1,"minecraft:shield":93,"minecraft:iron_sword":365,"minecraft:rotten_flesh":1,"minecraft:torch":104,"botania:brown_mushroom":1,"minecraft:dirt":18,"minecraft:lava_bucket":1,"carryon:entity_item":1,"minecraft:smooth_quartz":1,"minecraft:item_frame":2,"minecraft:bow":8,"tombstone:gift":6,"minecraft:egg":1,"minecraft:acacia_planks":37,"minecraft:mossy_stone_bricks":1,"epicfight:skillbook":10,"minecraft:water_bucket":16,"minecraft:iron_ore":10,"minecraft:polished_andesite":1,"minecraft:stone_pickaxe":31,"minecraft:baked_potato":1,"minecraft:wooden_pickaxe":5,"minecraft:sand":2,"minecraft:crafting_table":6,"quark:acacia_chest":2,"tombstone:bag_of_seeds":2,"minecraft:wooden_hoe":33,"minecraft:bread":83,"minecraft:map":1,"minecraft:iron_pickaxe":353,"tombstone:magic_scroll":1,"minecraft:red_terracotta":2,"dynamictrees:acacia_seed":2,"tombstone:grave_key":5,"quark:root_item":1,"minecraft:stone_axe":19,"minecraft:wooden_sword":61,"minecraft:potion":1,"minecraft:cobblestone":29,"minecraft:bucket":18,"minecraft:cobweb":2},"minecraft:killed_by":{"alexsmobs:elephant":1,"minecraft:zombie":2,"undead:themoonflower":3},"minecraft:killed":{"minecraft:cave_spider":1,"born_in_chaos_v1:restless_spirit":2,"minecraft:spider":12,"minecraft:skeleton":20,"undead:themoonflower":11,"undead:lostsoul":2,"alexsmobs:kangaroo":1,"undead:thesnatcher":2,"born_in_chaos_v1:decrepit_skeleton":1,"alexsmobs:emu":1,"born_in_chaos_v1:zombieswith_door":1,"minecraft:zombie":16,"alexsmobs:elephant":1,"born_in_chaos_v1:diamond_thermite":2,"undead:the_screecher":13},"minecraft:picked_up":{"minecraft:wheat":36,"minecraft:crafting_table":1,"minecraft:leather_leggings":1,"minecraft:enchanted_book":1,"minecraft:stone_brick_stairs":1,"minecraft:chain":1,"minecraft:shield":1,"minecraft:string":16,"minecraft:item_frame":2,"minecraft:cracked_stone_bricks":2,"quark:root_item":2,"minecraft:phantom_membrane":1,"minecraft:stick":16,"minecraft:jukebox":1,"minecraft:torch":16,"minecraft:acacia_log":20,"epicfight:skillbook":4,"undead:blackpetal":15,"tombstone:grave_dust":4,"born_in_chaos_v1:pieceofdarkmetal":1,"minecraft:redstone":18,"minecraft:arrow":21,"minecraft:rotten_flesh":85,"born_in_chaos_v1:diamond_thermite_shard":2,"minecraft:hay_block":36,"alexsmobs:emu_egg":1,"minecraft:iron_bars":8,"minecraft:cobblestone":112,"alexsmobs:kangaroo_meat":4,"minecraft:feather":1,"minecraft:water_bucket":1,"minecraft:acacia_wood":2,"minecraft:golden_boots":1,"minecraft:gunpowder":2,"botania:magenta_mushroom":1,"minecraft:wooden_hoe":1,"minecraft:lapis_lazuli":5,"minecraft:dirt":18,"minecraft:lantern":1,"tombstone:gift":1,"minecraft:cooked_mutton":3,"minecraft:bone":53,"minecraft:acacia_planks":11,"minecraft:bow":3,"minecraft:wheat_seeds":67,"minecraft:iron_ingot":3,"minecraft:iron_ore":60,"tombstone:bag_of_seeds":1,"minecraft:mossy_stone_bricks":1,"minecraft:mossy_stone_brick_stairs":1,"xlfoodmod:rice":1,"born_in_chaos_v1:ethereal_spirit":1,"minecraft:gravel":1,"minecraft:sand":2,"dynamictrees:acacia_seed":2,"minecraft:melon":2,"minecraft:dark_oak_log":1,"minecraft:red_terracotta":3,"minecraft:spider_eye":3,"minecraft:leather_helmet":1,"quark:cobbled_deepslate":2,"minecraft:polished_andesite":1,"minecraft:diamond":7,"minecraft:iron_helmet":1,"minecraft:mossy_cobblestone_stairs":2,"minecraft:emerald":2,"tombstone:magic_scroll":2,"minecraft:acacia_slab":3,"minecraft:coal":78,"botania:brown_mushroom":1},"minecraft:dropped":{"minecraft:water_bucket":1,"alexsmobs:kangaroo_meat":2,"minecraft:feather":1,"minecraft:cobblestone":10,"minecraft:lantern":1,"born_in_chaos_v1:pieceofdarkmetal":1,"minecraft:chainmail_helmet":1,"minecraft:leather_helmet":1,"minecraft:stick":2,"mca:book_romance":1,"tconstruct:materials_and_you":1,"minecraft:wooden_hoe":2,"tombstone:grave_dust":1,"minecraft:acacia_planks":2,"minecraft:redstone":18,"minecraft:gravel":1,"quark:root_item":1,"alexsmobs:animal_dictionary":1,"minecraft:jukebox":1,"minecraft:wheat":1,"minecraft:pumpkin_seeds":4,"minecraft:red_terracotta":1,"minecraft:filled_map":1,"minecraft:beetroot_seeds":7,"minecraft:wooden_shovel":1,"minecraft:spider_eye":1,"minecraft:arrow":2,"minecraft:wooden_pickaxe":1,"mca:book_rose_gold":1},"minecraft:custom":{"minecraft:mob_kills":100,"minecraft:interact_with_crafting_table":23,"minecraft:damage_dealt_resisted":314,"minecraft:eat_cake_slice":2,"minecraft:leave_game":1,"minecraft:time_since_death":22517,"minecraft:climb_one_cm":898,"minecraft:sprint_one_cm":241911,"minecraft:walk_one_cm":374957,"minecraft:damage_blocked_by_shield":6982,"minecraft:drop":32,"minecraft:deaths":6,"minecraft:sneak_time":7288,"minecraft:walk_under_water_one_cm":3042,"minecraft:jump":1172,"minecraft:walk_on_water_one_cm":21944,"minecraft:interact_with_furnace":4,"minecraft:play_one_minute":123501,"minecraft:sleep_in_bed":1,"minecraft:time_since_rest":22370,"minecraft:waystone_activated":1,"minecraft:damage_taken":6345,"minecraft:damage_dealt":18297,"minecraft:fly_one_cm":201675,"minecraft:swim_one_cm":1121,"minecraft:open_chest":100,"minecraft:crouch_one_cm":19846,"tombstone:undead_killed":66,"minecraft:fall_one_cm":18391},"minecraft:crafted":{"minecraft:wooden_sword":1,"quark:acacia_chest":2,"minecraft:bow":1,"minecraft:stone_pickaxe":1,"minecraft:wheat":324,"minecraft:wooden_shovel":1,"minecraft:crafting_table":5,"undead:spottingstaff":1,"minecraft:wooden_pickaxe":1,"minecraft:stone_axe":1,"minecraft:bread":121,"minecraft:wooden_hoe":1,"minecraft:iron_chestplate":1,"minecraft:gold_nugget":9,"minecraft:stick":16,"minecraft:iron_pickaxe":1,"minecraft:stone_sword":1,"minecraft:acacia_planks":80,"minecraft:torch":40}},"DataVersion":2586}