{"stats":{"minecraft:mined":{"minecraft:acacia_log":3,"minecraft:grass_block":214,"minecraft:spawner":22,"minecraft:mossy_cobblestone_stairs":4,"minecraft:iron_ore":64,"minecraft:dark_oak_stairs":1,"minecraft:iron_bars":10,"minecraft:orange_bed":3,"undead:blackpetalairmidifier":1,"minecraft:torch":1,"mcwroofs:dark_oak_planks_roof":13,"minecraft:glass":1,"botania:brown_mushroom":1,"minecraft:cobblestone":6,"minecraft:oak_planks":130,"minecraft:wall_torch":2,"botania:black_mystical_flower":5,"minecraft:skeleton_skull":1,"quark:marble":1,"minecraft:wheat":1,"minecraft:jukebox":1,"minecraft:stone_brick_stairs":2,"minecraft:grass":97,"minecraft:oak_log":7,"minecraft:sand":180,"minecraft:dirt":67,"botania:magenta_mushroom":1,"minecraft:diamond_ore":7,"quark:pink_blossom_sapling":1,"minecraft:oak_door":6,"minecraft:dark_oak_log":41,"born_in_chaos_v1:infected_diamond_ore":1,"quark:acacia_chest":2,"minecraft:acacia_slab":1,"minecraft:sandstone":4,"minecraft:hay_block":36,"minecraft:redstone_ore":4,"quark:pink_blossom_leaves":5,"minecraft:acacia_wood":2,"chisel:marble/raw":4,"minecraft:gold_block":2,"minecraft:mossy_stone_brick_stairs":1,"minecraft:vine":6,"minecraft:stone":290,"minecraft:stripped_dark_oak_log":2,"minecraft:crafting_table":6,"minecraft:tall_grass":25,"minecraft:lapis_ore":1,"minecraft:red_terracotta":4,"minecraft:spruce_log":3,"quark:deepslate":2,"minecraft:coal_ore":78,"minecraft:gravel":3,"minecraft:cobweb":5,"minecraft:cracked_stone_bricks":3,"minecraft:acacia_planks":11,"minecraft:polished_andesite":4,"minecraft:stone_bricks":9,"minecraft:mossy_stone_bricks":2,"quark:root":1},"minecraft:broken":{"minecraft:iron_boots":1,"minecraft:iron_leggings":1,"minecraft:wooden_sword":1,"minecraft:stone_axe":1,"minecraft:shield":2,"minecraft:iron_axe":2,"minecraft:iron_pickaxe":1,"minecraft:iron_helmet":1},"minecraft:used":{"alexsmobs:emu_egg":8,"minecraft:iron_shovel":468,"quark:cobbled_deepslate":2,"minecraft:melon":2,"botania:magenta_mushroom":1,"minecraft:shield":123,"minecraft:iron_sword":902,"minecraft:rotten_flesh":17,"botania:brown_mushroom":1,"minecraft:glass":36,"minecraft:lava_bucket":2,"minecraft:stone_bricks":103,"minecraft:item_frame":2,"minecraft:bow":33,"minecraft:furnace":2,"xlfoodmod:flesh":101,"minecraft:egg":1,"quark:pink_blossom_sapling":9,"epicfight:skillbook":20,"minecraft:dark_oak_stairs":5,"minecraft:mossy_stone_bricks":1,"minecraft:stone_pickaxe":31,"minecraft:oak_planks":197,"minecraft:wooden_pickaxe":5,"minecraft:sand":6,"minecraft:crossbow":1,"epicfight:iron_tachi":8,"minecraft:dark_oak_log":374,"minecraft:bread":136,"minecraft:red_terracotta":3,"dynamictrees:acacia_seed":21,"tombstone:grave_key":14,"minecraft:wooden_sword":61,"quark:marble_stairs":1,"minecraft:coarse_dirt":1,"minecraft:cobweb":2,"mcwroofs:dark_oak_planks_roof":86,"minecraft:iron_bars":4,"minecraft:stone_sword":30,"minecraft:acacia_log":1,"undead:spottingstaff":1,"dynamictrees:oak_seed":16,"minecraft:oak_door":6,"minecraft:orange_bed":3,"minecraft:torch":124,"minecraft:dirt":274,"quark:cobbled_deepslate_stairs":1,"minecraft:iron_axe":195,"xlfoodmod:vanilla_flower":1,"minecraft:acacia_slab":1,"carryon:entity_item":3,"minecraft:smooth_quartz":1,"epicfight:stone_greatsword":1,"tombstone:gift":8,"minecraft:cooked_beef":4,"minecraft:acacia_planks":39,"minecraft:water_bucket":32,"minecraft:iron_ore":10,"minecraft:polished_andesite":1,"minecraft:baked_potato":1,"minecraft:crafting_table":11,"quark:acacia_chest":6,"minecraft:spruce_log":3,"minecraft:dark_oak_door":2,"minecraft:oak_log":40,"tombstone:bag_of_seeds":6,"minecraft:wooden_hoe":33,"minecraft:iron_pickaxe":498,"minecraft:map":1,"tombstone:magic_scroll":1,"quark:root_item":1,"minecraft:stone_axe":89,"minecraft:potion":2,"minecraft:cobblestone":83,"minecraft:white_banner":1,"minecraft:bucket":35,"undead:blackpetalairmidifier":1},"minecraft:killed_by":{"minecraft:creeper":1,"alexsmobs:elephant":1,"undead:theheavy":1,"minecraft:zombie":2,"born_in_chaos_v1:dread_hound":1,"undead:themoonflower":8},"minecraft:killed":{"minecraft:cave_spider":1,"born_in_chaos_v1:restless_spirit":3,"minecraft:spider":12,"undead:themermaid":2,"born_in_chaos_v1:scarlet_persecutor":2,"minecraft:skeleton":23,"alexsmobs:kangaroo":1,"undead:thesnatcher":3,"minecraft:creeper":1,"minecraft:pillager":3,"minecraft:zombie":23,"born_in_chaos_v1:dread_hound":2,"born_in_chaos_v1:diamond_thermite":2,"alexsmobs:fly":2,"minecraft:cow":4,"undead:sucker":1,"undead:themoonflower":60,"undead:lostsoul":2,"born_in_chaos_v1:fallen_chaos_knight":1,"born_in_chaos_v1:decrepit_skeleton":2,"alexsmobs:emu":1,"born_in_chaos_v1:zombieswith_door":1,"alexsmobs:elephant":1,"undead:thestone":1,"born_in_chaos_v1:firelight_n":1,"undead:the_screecher":42},"minecraft:picked_up":{"minecraft:wheat":36,"minecraft:enchanted_book":1,"minecraft:stone_brick_stairs":1,"minecraft:string":17,"quark:cobbled_deepslate_slab":1,"quark:root_item":2,"dynamictrees:oak_seed":37,"minecraft:iron_pickaxe":1,"minecraft:stick":207,"minecraft:jukebox":1,"minecraft:torch":18,"minecraft:acacia_log":66,"epicfight:skillbook":9,"quark:pink_blossom_sapling":9,"undead:blackpetal":41,"tombstone:grave_dust":17,"minecraft:orange_bed":3,"quark:clear_shard":4,"minecraft:rotten_flesh":306,"alexsmobs:emu_egg":8,"minecraft:iron_bars":8,"quark:marble":1,"minecraft:cobblestone":224,"minecraft:feather":1,"quark:cobbled_deepslate_stairs":1,"minecraft:water_bucket":1,"botania:magenta_mushroom":1,"minecraft:lapis_lazuli":5,"minecraft:dirt":441,"minecraft:lantern":1,"born_in_chaos_v1:monster_skin":2,"xlfoodmod:vanilla_flower":3,"minecraft:bone":111,"minecraft:acacia_planks":13,"minecraft:bow":5,"minecraft:wheat_seeds":95,"minecraft:mossy_stone_bricks":1,"minecraft:oak_planks":127,"minecraft:mossy_stone_brick_stairs":1,"xlfoodmod:rice":1,"minecraft:sand":186,"dynamictrees:acacia_seed":29,"minecraft:melon":2,"xlfoodmod:tomato_seeds":1,"minecraft:dark_oak_log":416,"minecraft:red_terracotta":4,"quark:cobbled_deepslate":7,"minecraft:polished_andesite":1,"born_in_chaos_v1:fire_dust":1,"minecraft:diamond":7,"minecraft:crossbow":1,"xlfoodmod:lemon_seeds":5,"minecraft:emerald":2,"minecraft:bread":4,"alexsmobs:maggot":2,"botania:brown_mushroom":1,"minecraft:crafting_table":8,"minecraft:coarse_dirt":1,"minecraft:azure_bluet":1,"minecraft:leather_leggings":1,"born_in_chaos_v1:seedof_chaos":1,"xlfoodmod:pepper_seeds":3,"minecraft:gold_block":2,"minecraft:chain":1,"minecraft:shield":1,"minecraft:item_frame":2,"minecraft:cracked_stone_bricks":2,"minecraft:beef":9,"minecraft:phantom_membrane":2,"minecraft:egg":1,"minecraft:sandstone":6,"minecraft:oak_door":6,"born_in_chaos_v1:pieceofdarkmetal":1,"minecraft:redstone":18,"minecraft:arrow":23,"born_in_chaos_v1:diamond_thermite_shard":2,"quark:acacia_chest":2,"minecraft:hay_block":36,"minecraft:white_wool":1,"minecraft:skeleton_skull":1,"alexsmobs:kangaroo_meat":4,"minecraft:leather":7,"minecraft:acacia_wood":2,"xlfoodmod:lettuce_seeds":1,"minecraft:oak_log":126,"mcwroofs:dark_oak_planks_roof":12,"minecraft:golden_boots":1,"minecraft:gunpowder":4,"minecraft:wooden_hoe":1,"minecraft:white_banner":1,"tombstone:gift":2,"botania:black_mystical_flower":5,"minecraft:cooked_mutton":3,"minecraft:stone_bricks":9,"minecraft:iron_ingot":4,"minecraft:iron_ore":63,"tombstone:bag_of_seeds":3,"minecraft:dark_oak_stairs":1,"born_in_chaos_v1:ethereal_spirit":3,"undead:blackpetalairmidifier":3,"minecraft:gravel":4,"minecraft:spruce_log":17,"minecraft:spider_eye":3,"minecraft:leather_helmet":1,"minecraft:stone_axe":1,"minecraft:iron_helmet":1,"xlfoodmod:corn_seeds":3,"minecraft:mossy_cobblestone_stairs":2,"tombstone:magic_scroll":4,"minecraft:acacia_slab":3,"minecraft:stripped_dark_oak_log":2,"minecraft:coal":84},"minecraft:dropped":{"minecraft:glass_bottle":1,"minecraft:crafting_table":3,"alexsmobs:kangaroo_meat":2,"mca:bouquet":1,"minecraft:lantern":1,"born_in_chaos_v1:pieceofdarkmetal":1,"minecraft:leather_helmet":1,"tconstruct:materials_and_you":1,"quark:cobbled_deepslate":5,"minecraft:sand":11,"minecraft:iron_pickaxe":1,"minecraft:gravel":1,"minecraft:dark_oak_door":1,"minecraft:stone_axe":1,"quark:root_item":1,"born_in_chaos_v1:fire_dust":1,"alexsmobs:animal_dictionary":1,"minecraft:wheat":1,"minecraft:rotten_flesh":1,"minecraft:azure_bluet":1,"xlfoodmod:vanilla_flower":2,"xlfoodmod:tomato_seeds":1,"minecraft:beetroot_seeds":12,"minecraft:melon_seeds":1,"minecraft:arrow":2,"mca:book_rose_gold":1,"minecraft:water_bucket":1,"xlfoodmod:corn_seeds":3,"minecraft:wheat_seeds":26,"minecraft:feather":1,"minecraft:cobblestone":10,"minecraft:chainmail_helmet":1,"minecraft:stick":2,"mca:book_romance":1,"minecraft:torch":1,"minecraft:wooden_hoe":2,"tombstone:grave_dust":1,"epicfight:stone_greatsword":1,"dynamictrees:acacia_seed":8,"minecraft:acacia_planks":2,"xlfoodmod:lettuce_seeds":1,"minecraft:redstone":18,"alexsmobs:maggot":2,"minecraft:jukebox":1,"quark:cobbled_deepslate_slab":1,"minecraft:pumpkin_seeds":10,"minecraft:red_terracotta":1,"minecraft:filled_map":1,"xlfoodmod:lemon_seeds":4,"minecraft:wooden_shovel":1,"minecraft:spider_eye":1,"minecraft:sandstone":6,"minecraft:bow":1,"minecraft:wooden_pickaxe":1,"epicfight:skillbook":2,"xlfoodmod:pepper_seeds":3},"minecraft:custom":{"minecraft:interact_with_crafting_table":58,"minecraft:open_barrel":4,"minecraft:eat_cake_slice":2,"minecraft:leave_game":2,"minecraft:time_since_death":36615,"minecraft:damage_resisted":16,"minecraft:sprint_one_cm":999726,"minecraft:damage_blocked_by_shield":8642,"minecraft:drop":89,"minecraft:talked_to_villager":1,"minecraft:deaths":14,"minecraft:jump":4994,"minecraft:walk_on_water_one_cm":39128,"minecraft:interact_with_furnace":127,"minecraft:play_one_minute":370502,"minecraft:sleep_in_bed":7,"minecraft:waystone_activated":1,"minecraft:damage_dealt":42643,"minecraft:crouch_one_cm":50810,"tombstone:undead_killed":161,"minecraft:mob_kills":234,"minecraft:interact_with_anvil":2,"minecraft:damage_dealt_resisted":568,"minecraft:climb_one_cm":1096,"minecraft:walk_one_cm":1219900,"minecraft:damage_dealt_absorbed":60,"minecraft:sneak_time":16809,"minecraft:walk_under_water_one_cm":5924,"tombstone:raider_killed":4,"minecraft:interact_with_stonecutter":12,"minecraft:time_since_rest":3630,"minecraft:damage_taken":13800,"minecraft:damage_absorbed":54,"minecraft:trigger_trapped_chest":2,"minecraft:swim_one_cm":10794,"minecraft:fly_one_cm":1072088,"minecraft:open_chest":190,"minecraft:fall_one_cm":110635},"minecraft:crafted":{"minecraft:oak_planks":156,"xlfoodmod:flesh":244,"minecraft:stone":100,"sophisticatedbackpacks:crafting_upgrade":1,"minecraft:dark_oak_door":3,"minecraft:glass":166,"minecraft:bow":2,"minecraft:iron_boots":1,"minecraft:stone_bricks":1,"minecraft:wooden_shovel":1,"sophisticatedbackpacks:backpack":1,"minecraft:crafting_table":7,"minecraft:spruce_planks":12,"minecraft:wooden_pickaxe":1,"minecraft:iron_helmet":1,"sophisticatedbackpacks:upgrade_base":1,"minecraft:wooden_hoe":1,"minecraft:iron_chestplate":2,"minecraft:stick":36,"minecraft:iron_ingot":52,"minecraft:iron_pickaxe":1,"minecraft:stone_sword":1,"minecraft:wooden_sword":1,"minecraft:oak_door":3,"minecraft:furnace":2,"mcwroofs:dark_oak_planks_roof":74,"mca:bouquet":1,"quark:acacia_chest":5,"quark:marble_stairs":1,"minecraft:iron_axe":3,"minecraft:stone_pickaxe":1,"quark:spruce_chest":1,"minecraft:dark_oak_planks":112,"minecraft:wheat":324,"sophisticatedbackpacks:iron_backpack":1,"minecraft:dark_oak_stairs":4,"undead:spottingstaff":1,"sophisticatedbackpacks:gold_backpack":1,"epicfight:stone_greatsword":1,"minecraft:stone_axe":1,"minecraft:air":0,"minecraft:bread":121,"epicfight:iron_tachi":1,"minecraft:gold_nugget":9,"minecraft:iron_leggings":1,"minecraft:acacia_planks":112,"minecraft:torch":64}},"DataVersion":2586}