{"stats":{"minecraft:used":{"alexsmobs:emu_egg":8,"minecraft:iron_bars":4,"minecraft:stone_sword":30,"minecraft:iron_shovel":232,"minecraft:acacia_log":1,"quark:cobbled_deepslate":2,"minecraft:melon":2,"undead:spottingstaff":1,"botania:magenta_mushroom":1,"minecraft:shield":113,"minecraft:iron_sword":649,"dynamictrees:oak_seed":6,"minecraft:rotten_flesh":17,"minecraft:oak_door":2,"minecraft:orange_bed":2,"minecraft:torch":104,"minecraft:dirt":163,"botania:brown_mushroom":1,"quark:cobbled_deepslate_stairs":1,"minecraft:lava_bucket":2,"minecraft:iron_axe":37,"minecraft:acacia_slab":1,"carryon:entity_item":3,"minecraft:smooth_quartz":1,"minecraft:item_frame":2,"minecraft:bow":33,"minecraft:furnace":2,"tombstone:gift":6,"minecraft:cooked_beef":4,"minecraft:egg":1,"quark:pink_blossom_sapling":4,"minecraft:acacia_planks":39,"minecraft:water_bucket":28,"epicfight:skillbook":17,"minecraft:mossy_stone_bricks":1,"minecraft:iron_ore":10,"minecraft:stone_pickaxe":31,"minecraft:polished_andesite":1,"minecraft:baked_potato":1,"minecraft:oak_planks":193,"minecraft:wooden_pickaxe":5,"minecraft:sand":2,"minecraft:crafting_table":11,"quark:acacia_chest":2,"minecraft:oak_log":15,"minecraft:spruce_log":3,"tombstone:bag_of_seeds":2,"minecraft:wooden_hoe":33,"minecraft:bread":136,"minecraft:iron_pickaxe":369,"minecraft:map":1,"tombstone:magic_scroll":1,"tombstone:grave_key":8,"minecraft:red_terracotta":3,"dynamictrees:acacia_seed":21,"quark:root_item":1,"minecraft:stone_axe":80,"minecraft:wooden_sword":61,"minecraft:potion":2,"minecraft:cobblestone":29,"minecraft:bucket":31,"minecraft:cobweb":2},"minecraft:dropped":{"minecraft:water_bucket":1,"xlfoodmod:corn_seeds":1,"minecraft:wheat_seeds":14,"minecraft:glass_bottle":1,"minecraft:crafting_table":1,"alexsmobs:kangaroo_meat":2,"mca:bouquet":1,"minecraft:feather":1,"minecraft:cobblestone":10,"minecraft:lantern":1,"born_in_chaos_v1:pieceofdarkmetal":1,"minecraft:chainmail_helmet":1,"minecraft:leather_helmet":1,"minecraft:stick":2,"mca:book_romance":1,"tconstruct:materials_and_you":1,"minecraft:wooden_hoe":2,"tombstone:grave_dust":1,"minecraft:sand":11,"dynamictrees:acacia_seed":8,"minecraft:acacia_planks":2,"xlfoodmod:lettuce_seeds":1,"minecraft:redstone":18,"minecraft:gravel":1,"minecraft:stone_axe":1,"alexsmobs:maggot":2,"quark:root_item":1,"born_in_chaos_v1:fire_dust":1,"alexsmobs:animal_dictionary":1,"minecraft:jukebox":1,"minecraft:wheat":1,"xlfoodmod:vanilla_flower":2,"minecraft:red_terracotta":1,"minecraft:pumpkin_seeds":4,"minecraft:filled_map":1,"xlfoodmod:lemon_seeds":1,"minecraft:beetroot_seeds":7,"minecraft:wooden_shovel":1,"minecraft:spider_eye":1,"minecraft:sandstone":6,"minecraft:arrow":2,"minecraft:wooden_pickaxe":1,"mca:book_rose_gold":1,"xlfoodmod:pepper_seeds":3},"minecraft:picked_up":{"minecraft:crafting_table":7,"minecraft:wheat":36,"minecraft:leather_leggings":1,"xlfoodmod:pepper_seeds":3,"minecraft:gold_block":2,"minecraft:enchanted_book":1,"minecraft:stone_brick_stairs":1,"minecraft:chain":1,"minecraft:shield":1,"minecraft:string":17,"minecraft:item_frame":2,"minecraft:cracked_stone_bricks":2,"minecraft:beef":9,"dynamictrees:oak_seed":22,"quark:root_item":2,"minecraft:phantom_membrane":2,"minecraft:egg":1,"minecraft:stick":153,"minecraft:sandstone":6,"minecraft:jukebox":1,"minecraft:torch":16,"minecraft:acacia_log":61,"epicfight:skillbook":7,"quark:pink_blossom_sapling":4,"undead:blackpetal":33,"tombstone:grave_dust":12,"born_in_chaos_v1:pieceofdarkmetal":1,"minecraft:redstone":18,"minecraft:orange_bed":2,"minecraft:arrow":21,"minecraft:rotten_flesh":214,"born_in_chaos_v1:diamond_thermite_shard":2,"quark:acacia_chest":2,"minecraft:hay_block":36,"alexsmobs:emu_egg":8,"minecraft:skeleton_skull":1,"minecraft:iron_bars":8,"minecraft:cobblestone":115,"alexsmobs:kangaroo_meat":4,"minecraft:feather":1,"quark:cobbled_deepslate_stairs":1,"minecraft:water_bucket":1,"minecraft:leather":7,"minecraft:acacia_wood":2,"minecraft:oak_log":61,"xlfoodmod:lettuce_seeds":1,"minecraft:golden_boots":1,"minecraft:gunpowder":4,"botania:magenta_mushroom":1,"minecraft:lapis_lazuli":5,"minecraft:wooden_hoe":1,"minecraft:dirt":209,"minecraft:lantern":1,"tombstone:gift":1,"botania:black_mystical_flower":5,"born_in_chaos_v1:monster_skin":1,"xlfoodmod:vanilla_flower":2,"minecraft:cooked_mutton":3,"minecraft:bone":87,"minecraft:acacia_planks":13,"minecraft:bow":5,"minecraft:wheat_seeds":79,"minecraft:iron_ingot":4,"minecraft:iron_ore":60,"tombstone:bag_of_seeds":1,"minecraft:mossy_stone_bricks":1,"minecraft:oak_planks":44,"minecraft:mossy_stone_brick_stairs":1,"xlfoodmod:rice":1,"undead:blackpetalairmidifier":1,"born_in_chaos_v1:ethereal_spirit":1,"minecraft:gravel":1,"minecraft:sand":13,"minecraft:spruce_log":17,"dynamictrees:acacia_seed":29,"minecraft:melon":2,"minecraft:red_terracotta":4,"minecraft:spider_eye":3,"minecraft:dark_oak_log":1,"minecraft:leather_helmet":1,"quark:cobbled_deepslate":2,"minecraft:polished_andesite":1,"born_in_chaos_v1:fire_dust":1,"minecraft:diamond":7,"minecraft:stone_axe":1,"minecraft:iron_helmet":1,"xlfoodmod:corn_seeds":1,"xlfoodmod:lemon_seeds":2,"minecraft:mossy_cobblestone_stairs":2,"minecraft:bread":4,"minecraft:emerald":2,"alexsmobs:maggot":2,"tombstone:magic_scroll":3,"minecraft:acacia_slab":3,"botania:brown_mushroom":1,"minecraft:coal":78},"minecraft:crafted":{"minecraft:wooden_sword":1,"minecraft:oak_door":3,"minecraft:oak_planks":156,"minecraft:furnace":2,"mca:bouquet":1,"sophisticatedbackpacks:crafting_upgrade":1,"quark:acacia_chest":2,"minecraft:bow":2,"minecraft:iron_axe":1,"minecraft:stone_pickaxe":1,"quark:spruce_chest":1,"sophisticatedbackpacks:iron_backpack":1,"minecraft:wheat":324,"minecraft:wooden_shovel":1,"sophisticatedbackpacks:backpack":1,"minecraft:crafting_table":7,"minecraft:spruce_planks":12,"undead:spottingstaff":1,"minecraft:wooden_pickaxe":1,"sophisticatedbackpacks:gold_backpack":1,"minecraft:stone_axe":1,"sophisticatedbackpacks:upgrade_base":1,"minecraft:bread":121,"minecraft:iron_chestplate":1,"minecraft:wooden_hoe":1,"minecraft:gold_nugget":9,"minecraft:stick":16,"minecraft:iron_pickaxe":1,"minecraft:stone_sword":1,"minecraft:iron_leggings":1,"minecraft:acacia_planks":84,"minecraft:torch":40},"minecraft:killed":{"minecraft:cave_spider":1,"born_in_chaos_v1:restless_spirit":3,"undead:sucker":1,"minecraft:spider":12,"undead:themermaid":2,"minecraft:skeleton":20,"undead:themoonflower":48,"undead:lostsoul":2,"alexsmobs:kangaroo":1,"undead:thesnatcher":3,"minecraft:creeper":1,"born_in_chaos_v1:decrepit_skeleton":1,"alexsmobs:emu":1,"born_in_chaos_v1:zombieswith_door":1,"born_in_chaos_v1:dread_hound":1,"undead:thestone":1,"minecraft:zombie":19,"alexsmobs:elephant":1,"born_in_chaos_v1:diamond_thermite":2,"alexsmobs:fly":1,"born_in_chaos_v1:firelight_n":1,"undead:the_screecher":27,"minecraft:cow":4},"minecraft:custom":{"minecraft:interact_with_anvil":1,"minecraft:mob_kills":183,"minecraft:interact_with_crafting_table":36,"minecraft:open_barrel":4,"minecraft:damage_dealt_resisted":474,"minecraft:eat_cake_slice":2,"minecraft:leave_game":1,"minecraft:time_since_death":11693,"minecraft:climb_one_cm":1096,"minecraft:damage_resisted":16,"minecraft:sprint_one_cm":650957,"minecraft:walk_one_cm":790040,"minecraft:damage_blocked_by_shield":8142,"minecraft:drop":62,"minecraft:talked_to_villager":1,"minecraft:deaths":10,"minecraft:sneak_time":11299,"minecraft:walk_under_water_one_cm":5008,"minecraft:jump":3186,"minecraft:walk_on_water_one_cm":26278,"minecraft:interact_with_furnace":10,"tombstone:raider_killed":1,"minecraft:play_one_minute":240362,"minecraft:sleep_in_bed":4,"minecraft:time_since_rest":11486,"minecraft:waystone_activated":1,"minecraft:damage_taken":10446,"minecraft:damage_absorbed":54,"minecraft:trigger_trapped_chest":2,"minecraft:damage_dealt":30393,"minecraft:swim_one_cm":3684,"minecraft:fly_one_cm":684925,"minecraft:open_chest":120,"minecraft:crouch_one_cm":28729,"tombstone:undead_killed":125,"minecraft:fall_one_cm":69914},"minecraft:killed_by":{"minecraft:creeper":1,"alexsmobs:elephant":1,"minecraft:zombie":2,"born_in_chaos_v1:dread_hound":1,"undead:themoonflower":5},"minecraft:mined":{"botania:magenta_mushroom":1,"minecraft:diamond_ore":7,"minecraft:dark_oak_log":1,"born_in_chaos_v1:infected_diamond_ore":1,"minecraft:acacia_log":3,"minecraft:grass_block":176,"quark:acacia_chest":2,"minecraft:acacia_slab":1,"minecraft:sandstone":4,"minecraft:spawner":22,"minecraft:hay_block":36,"minecraft:redstone_ore":4,"quark:pink_blossom_leaves":2,"minecraft:mossy_cobblestone_stairs":4,"minecraft:iron_ore":61,"minecraft:acacia_wood":2,"chisel:marble/raw":4,"minecraft:gold_block":2,"minecraft:mossy_stone_brick_stairs":1,"minecraft:vine":6,"minecraft:iron_bars":10,"minecraft:stone":184,"minecraft:orange_bed":2,"minecraft:crafting_table":6,"minecraft:torch":1,"botania:brown_mushroom":1,"minecraft:tall_grass":20,"minecraft:cobblestone":3,"minecraft:oak_planks":44,"minecraft:lapis_ore":1,"botania:black_mystical_flower":5,"minecraft:skeleton_skull":1,"minecraft:red_terracotta":4,"minecraft:wheat":1,"minecraft:spruce_log":3,"minecraft:jukebox":1,"quark:deepslate":2,"minecraft:stone_brick_stairs":2,"minecraft:grass":78,"minecraft:coal_ore":72,"minecraft:sand":6,"minecraft:dirt":48,"minecraft:cobweb":5,"minecraft:cracked_stone_bricks":3,"minecraft:acacia_planks":11,"minecraft:polished_andesite":4,"minecraft:mossy_stone_bricks":2,"quark:root":1},"minecraft:broken":{"minecraft:iron_boots":1,"minecraft:iron_leggings":1,"minecraft:shield":1,"minecraft:wooden_sword":1,"minecraft:iron_pickaxe":1,"minecraft:iron_helmet":1}},"DataVersion":2586}