{"stats":{"minecraft:crafted":{"minecraft:oak_planks":160,"biomesoplenty:mahogany_planks":116,"minecraft:cooked_chicken":2,"mca:bouquet":1,"minecraft:stone_pickaxe":5,"greekfantasy:snakeskin_chestplate":1,"sophisticatedbackpacks:iron_backpack":1,"minecraft:wheat":216,"sophisticatedbackpacks:backpack":1,"minecraft:emerald":18,"minecraft:wooden_pickaxe":1,"minecraft:copper_ingot":97,"sophisticatedbackpacks:gold_backpack":1,"minecraft:bucket":1,"minecraft:stone_axe":2,"minecraft:bread":90,"minecraft:air":0,"minecraft:emerald_block":10,"biomesoplenty:mahogany_door":3,"minecraft:stick":8,"quark:oak_chest":7,"minecraft:iron_ingot":7,"minecraft:wooden_axe":1,"minecraft:stone_sword":1,"minecraft:torch":16},"minecraft:dropped":{"minecraft:bread":3,"minecraft:wheat_seeds":5,"minecraft:lantern":1,"minecraft:leather":2,"minecraft:rail":3,"minecraft:stick":1,"minecraft:dark_oak_log":16,"tconstruct:materials_and_you":1,"minecraft:mutton":4,"minecraft:bone":4,"hmag:soul_powder":1,"alexsmobs:animal_dictionary":3,"greekfantasy:limestone":1,"minecraft:chicken":4,"minecraft:rotten_flesh":8,"minecraft:oak_planks":2,"minecraft:stone_slab":3,"minecraft:stone":1,"minecraft:spruce_planks":1,"luminousworld:groundpebbles_1":2,"minecraft:oak_sapling":64,"minecraft:spruce_slab":1,"minecraft:powered_rail":3,"minecraft:wooden_pickaxe":2,"minecraft:stone_pickaxe":2},"minecraft:picked_up":{"luminousworld:groundpebbles_1":2,"minecraft:crafting_table":6,"minecraft:wheat":3,"minecraft:chicken":4,"tconstruct:materials_and_you":1,"minecraft:stone_slab":4,"minecraft:wooden_pickaxe":1,"minecraft:enchanted_book":1,"minecraft:string":8,"minecraft:red_bed":1,"diamethysts:diamethyst_shard":2,"minecraft:raw_copper":97,"minecraft:iron_axe":1,"minecraft:item_frame":1,"quark:yellow_shard":1,"minecraft:experience_bottle":1,"minecraft:calcite":1,"minecraft:furnace":6,"minecraft:phantom_membrane":2,"minecraft:iron_boots":3,"minecraft:egg":3,"minecraft:stick":11,"minecraft:raw_iron":15,"minecraft:torch":15,"quark:yellow_corundum_cluster":3,"epicfight:skillbook":2,"tombstone:grave_dust":6,"quark:yellow_corundum":1,"minecraft:arrow":1,"minecraft:rotten_flesh":24,"minecraft:honey_bottle":1,"biomesoplenty:mahogany_sapling":15,"minecraft:hay_block":13,"minecraft:mutton":6,"biomesoplenty:orange_cosmos":11,"minecraft:rail":3,"minecraft:cobblestone":53,"greekfantasy:tough_snakeskin":8,"wandering_bags:pillager_bag":1,"minecraft:leather":2,"greekfantasy:web_ball":1,"minecraft:oak_log":83,"mca:book_romance":2,"minecraft:lapis_lazuli":45,"minecraft:dirt":28,"minecraft:lantern":2,"tombstone:gift":1,"minecraft:cooked_mutton":4,"minecraft:bone":7,"minecraft:apple":6,"minecraft:wheat_seeds":11,"minecraft:stone_pickaxe":2,"minecraft:powered_rail":3,"luminousworld:white_petunias":1,"minecraft:oak_planks":8,"biomesoplenty:mahogany_planks":11,"quark:black_corundum":1,"greekfantasy:deadly_fang":2,"hmag:soul_powder":5,"greekfantasy:snakeskin":8,"minecraft:dark_oak_log":8,"alexsmobs:animal_dictionary":3,"biomesoplenty:mahogany_log":75,"minecraft:oak_wood":6,"minecraft:yellow_carpet":2,"undead_revamp2:beespheromones":1,"minecraft:bread":4,"minecraft:emerald":3,"minecraft:oak_sapling":99,"minecraft:coal":73,"minecraft:diamond_pickaxe":2},"minecraft:used":{"biomesoplenty:mahogany_planks":105,"minecraft:stone_sword":135,"minecraft:spruce_slab":1,"minecraft:spruce_planks":5,"greekfantasy:limestone":25,"minecraft:stone":17,"minecraft:cooked_chicken":1,"minecraft:stick":2,"minecraft:torch":19,"minecraft:dirt":28,"cfm:trampoline":1,"minecraft:carrot":5,"minecraft:wooden_axe":23,"minecraft:smooth_quartz":2,"minecraft:stone_bricks":2,"biomesoplenty:mahogany_sapling":8,"minecraft:item_frame":1,"minecraft:hay_block":1,"minecraft:furnace":2,"tombstone:gift":10,"minecraft:cooked_beef":1,"minecraft:calcite":1,"minecraft:cooked_mutton":1,"minecraft:water_bucket":3,"epicfight:skillbook":2,"minecraft:stone_pickaxe":185,"minecraft:polished_andesite":2,"minecraft:oak_planks":93,"minecraft:wooden_pickaxe":20,"biomesoplenty:mahogany_log":6,"minecraft:crafting_table":6,"minecraft:red_bed":1,"biomesoplenty:mahogany_door":2,"minecraft:oak_log":37,"minecraft:bread":85,"tombstone:grave_key":21,"quark:black_corundum":1,"minecraft:stone_axe":144,"minecraft:cobblestone":37,"minecraft:cooked_porkchop":1,"minecraft:bucket":4,"quark:oak_chest":6,"minecraft:cobweb":7},"minecraft:mined":{"biomesoplenty:spanish_moss":1,"luminousworld:groundpebbles_1":1,"minecraft:spruce_planks":2,"minecraft:grass_block":14,"quark:yellow_corundum":1,"minecraft:large_fern":2,"minecraft:hay_block":13,"minecraft:furnace":6,"biomesoplenty:orange_cosmos":11,"minecraft:iron_ore":15,"minecraft:fire":1,"supplementaries:stick":2,"biomesoplenty:mahogany_leaves":4,"minecraft:vine":2,"minecraft:rail":1,"minecraft:lantern":1,"minecraft:stone":53,"minecraft:red_bed":1,"minecraft:crafting_table":6,"minecraft:torch":1,"minecraft:oak_wood":6,"minecraft:calcite":1,"biomesoplenty:mahogany_planks":11,"minecraft:stone_slab":2,"minecraft:tall_grass":22,"minecraft:copper_ore":26,"minecraft:cobblestone":2,"biomesoplenty:sprout":1,"minecraft:lapis_ore":7,"minecraft:oak_planks":8,"quark:black_corundum":1,"minecraft:wall_torch":2,"minecraft:powered_rail":1,"biomesoplenty:spanish_moss_plant":1,"biomesoplenty:mahogany_log":75,"minecraft:grass":16,"minecraft:oak_log":83,"minecraft:coal_ore":72,"minecraft:dirt":14,"quark:yellow_corundum_cluster":3,"minecraft:cobweb":7,"minecraft:oak_leaves":6,"minecraft:fern":11},"minecraft:killed_by":{"undead_revamp2:the_moonflower":1,"realmrpg_demons:chort":1,"minecraft:vindicator":5,"minecraft:cave_spider":3,"minecraft:skeleton":1,"minecraft:phantom":1,"greekfantasy:python":3,"undead_revamp2:thesmoker":1},"minecraft:custom":{"minecraft:mob_kills":54,"minecraft:interact_with_crafting_table":35,"minecraft:open_barrel":4,"minecraft:damage_dealt_resisted":843,"minecraft:leave_game":15,"minecraft:time_since_death":34666,"minecraft:climb_one_cm":24425,"minecraft:sprint_one_cm":1004269,"minecraft:walk_one_cm":1313951,"minecraft:drop":52,"minecraft:damage_dealt_absorbed":36,"minecraft:play_time":282995,"minecraft:sneak_time":15935,"minecraft:deaths":16,"minecraft:walk_under_water_one_cm":6383,"minecraft:jump":2974,"minecraft:walk_on_water_one_cm":13886,"minecraft:total_world_time":282995,"minecraft:interact_with_furnace":19,"tombstone:raider_killed":21,"minecraft:raid_trigger":7,"minecraft:sleep_in_bed":7,"minecraft:time_since_rest":540,"minecraft:damage_taken":8536,"minecraft:damage_absorbed":150,"minecraft:damage_dealt":9392,"minecraft:swim_one_cm":15148,"minecraft:fly_one_cm":1028984,"minecraft:open_chest":219,"minecraft:crouch_one_cm":90034,"tombstone:undead_killed":24,"minecraft:fall_one_cm":68476,"minecraft:use_cauldron":1},"minecraft:killed":{"greekfantasy:shade":2,"minecraft:cave_spider":2,"minecraft:vindicator":7,"undead_revamp2:thesmoker":2,"born_in_chaos_v1:maggot":3,"minecraft:phantom":2,"undead_revamp2:theswarmer":1,"minecraft:skeleton":2,"hmag:zombie_girl":2,"minecraft:bee":1,"greekfantasy:baby_spider":1,"realmrpg_demons:chort":1,"undead_revamp2:sucker":2,"undead_revamp2:thespitter":2,"hmag:ghost":2,"undead_revamp2:the_moonflower":2,"minecraft:pillager":12,"minecraft:zombie":5,"greekfantasy:python":1},"minecraft:broken":{"minecraft:stone_pickaxe":1,"minecraft:stone_axe":2,"minecraft:wooden_axe":1}},"DataVersion":3120}