{"stats":{"minecraft:picked_up":{"minecraft:string":1},"minecraft:mined":{"minecraft:tripwire":3},"minecraft:custom":{"minecraft:jump":7,"minecraft:time_since_rest":3402,"minecraft:damage_dealt":27,"minecraft:crouch_one_cm":490,"minecraft:leave_game":1,"minecraft:sprint_one_cm":1030,"minecraft:play_time":3402,"minecraft:damage_taken":40,"minecraft:time_since_death":3402,"minecraft:walk_one_cm":6250,"minecraft:sneak_time":71,"minecraft:total_world_time":3402,"minecraft:fall_one_cm":482,"minecraft:fly_one_cm":1779}},"DataVersion":3120}