{"stats":{"minecraft:used":{"minecraft:stone_pickaxe":32,"minecraft:wooden_pickaxe":14,"minecraft:rotten_flesh":2,"minecraft:dirt":3,"minecraft:crafting_table":2,"minecraft:oak_wood":7,"minecraft:wooden_axe":20,"minecraft:bread":8,"minecraft:stone_axe":131},"minecraft:custom":{"minecraft:mob_kills":5,"minecraft:interact_with_crafting_table":8,"minecraft:open_barrel":2,"minecraft:bell_ring":29,"minecraft:leave_game":8,"minecraft:time_since_death":1619,"minecraft:climb_one_cm":1578,"minecraft:time_since_rest":1519,"minecraft:sprint_one_cm":181240,"minecraft:damage_taken":1076,"minecraft:walk_one_cm":289311,"minecraft:drop":5,"minecraft:damage_dealt":1014,"minecraft:swim_one_cm":1908,"minecraft:fly_one_cm":68165,"minecraft:open_chest":5,"minecraft:play_time":45738,"minecraft:crouch_one_cm":4252,"tombstone:undead_killed":1,"minecraft:deaths":1,"minecraft:sneak_time":550,"minecraft:walk_under_water_one_cm":2013,"minecraft:jump":447,"minecraft:walk_on_water_one_cm":3606,"minecraft:total_world_time":45738,"minecraft:fall_one_cm":13496},"minecraft:picked_up":{"minecraft:wooden_axe":1,"luminousworld:groundpebbles_1":1,"born_in_chaos_v1:corpse_maggot":2,"minecraft:crafting_table":1,"minecraft:jungle_log":8,"tconstruct:materials_and_you":1,"minecraft:oak_log":15,"minecraft:chain":3,"mca:book_romance":1,"minecraft:dirt":3,"minecraft:lantern":6,"minecraft:raw_copper":27,"gnumus:gnumus_pouch_2":1,"minecraft:bone":2,"minecraft:apple":1,"gnumus:gnumus_horn":1,"minecraft:wheat_seeds":2,"minecraft:jungle_sapling":2,"minecraft:poppy":1,"minecraft:spruce_slab":13,"biomesoplenty:mahogany_planks":7,"minecraft:raw_iron":3,"minecraft:pumpkin":3,"minecraft:spruce_fence":36,"alexsmobs:animal_dictionary":1,"minecraft:spruce_fence_gate":2,"minecraft:oak_wood":24,"biomesoplenty:mahogany_log":94,"minecraft:rotten_flesh":2,"biomesoplenty:mahogany_sapling":13,"minecraft:hay_block":35,"minecraft:bread":8,"minecraft:spruce_sign":14,"minecraft:oak_sapling":2,"minecraft:cobblestone":15},"minecraft:crafted":{"minecraft:crafting_table":1,"minecraft:wooden_pickaxe":1,"minecraft:stone_axe":3,"minecraft:jungle_planks":8,"minecraft:stick":12,"minecraft:stone_pickaxe":2},"minecraft:mined":{"luminousworld:groundpebbles_1":1,"minecraft:crafting_table":1,"minecraft:oak_wood":25,"minecraft:grass_block":2,"minecraft:spruce_fence":37,"minecraft:poppy":1,"biomesoplenty:mahogany_planks":7,"minecraft:jungle_log":8,"minecraft:tall_grass":1,"minecraft:copper_ore":8,"minecraft:cobblestone":3,"biomesoplenty:sprout":1,"minecraft:hay_block":35,"minecraft:chain":3,"biomesoplenty:mahogany_log":124,"minecraft:iron_ore":3,"minecraft:fire":1,"born_in_chaos_v1:river_mint":1,"minecraft:pumpkin":5,"minecraft:grass":6,"minecraft:oak_log":15,"minecraft:vine":5,"minecraft:lantern":1,"minecraft:dirt":2,"minecraft:stone_bricks":1,"minecraft:spruce_fence_gate":2,"minecraft:stone":12,"minecraft:oak_leaves":12,"minecraft:spruce_slab":14,"minecraft:fern":3},"minecraft:killed_by":{"undead_revamp2:the_moonflower":1},"minecraft:dropped":{"minecraft:wheat_seeds":1,"alexsmobs:animal_dictionary":1,"minecraft:poppy":1,"mca:book_romance":1,"minecraft:oak_sapling":1},"minecraft:killed":{"born_in_chaos_v1:decrepit_skeleton":1,"born_in_chaos_v1:corpse_fly":3,"gnumus:gnumus_hunter":1},"minecraft:broken":{"minecraft:stone_axe":1,"minecraft:wooden_axe":1}},"DataVersion":3120}