{"stats":{"minecraft:used":{"minecraft:stone_sword":72,"minecraft:iron_shovel":183,"minecraft:melon":3,"minecraft:chest":1,"minecraft:iron_sword":91,"minecraft:cooked_chicken":2,"minecraft:rotten_flesh":2,"minecraft:dirt":140,"minecraft:stripped_spruce_log":1,"minecraft:iron_axe":264,"carryon:entity_item":1,"minecraft:furnace":4,"tombstone:gift":4,"xlfoodmod:flesh":9,"minecraft:trapped_chest":1,"minecraft:acacia_planks":2,"quark:pink_blossom_sapling":4,"minecraft:wheat_seeds":9,"minecraft:stone_pickaxe":392,"minecraft:baked_potato":4,"minecraft:wooden_pickaxe":59,"minecraft:crafting_table":5,"minecraft:blast_furnace":1,"minecraft:spruce_log":79,"minecraft:acacia_stairs":1,"minecraft:dark_oak_log":6,"minecraft:melon_slice":13,"minecraft:bread":25,"minecraft:iron_pickaxe":720,"tombstone:grave_key":11,"minecraft:stone_axe":108,"minecraft:cobblestone":55,"alexsmobs:animal_dictionary":2},"minecraft:dropped":{"minecraft:enchanted_book":1,"minecraft:bread":4,"minecraft:wheat_seeds":34,"chisel:marble/raw":1,"dynamictrees:birch_seed":4,"minecraft:cracked_stone_bricks":1,"dynamictrees:spruce_seed":44,"minecraft:item_frame":1,"minecraft:polished_andesite":1,"minecraft:diorite":24,"minecraft:polished_andesite_stairs":1,"minecraft:bone":3,"quark:root_item":1,"undead:blackpetal":2,"minecraft:azure_bluet":1,"minecraft:acacia_stairs":1,"minecraft:flower_pot":1,"xlfoodmod:strawberry_seeds":1,"xlfoodmod:pineapple_seeds":1,"xlfoodmod:onion":1},"minecraft:picked_up":{"minecraft:crafting_table":2,"minecraft:wheat":41,"minecraft:azure_bluet":1,"minecraft:chicken":2,"minecraft:flower_pot":1,"minecraft:clay_ball":24,"dynamictrees:spruce_seed":44,"minecraft:enchanted_book":1,"xlfoodmod:strawberry_seeds":1,"minecraft:item_frame":2,"xlfoodmod:onion":1,"minecraft:cracked_stone_bricks":1,"minecraft:poppy":1,"dynamictrees:oak_seed":3,"quark:root_item":3,"minecraft:melon_slice":18,"minecraft:sugar_cane":25,"minecraft:egg":2,"minecraft:stick":166,"chisel:limestone/raw":16,"minecraft:acacia_log":11,"minecraft:torch":1,"epicfight:skillbook":1,"quark:pink_blossom_sapling":4,"undead:blackpetal":13,"minecraft:carrot":1,"minecraft:diorite":33,"quark:ancient_tome":1,"minecraft:rotten_flesh":41,"quark:smooth_basalt":2,"minecraft:nether_bricks":1,"minecraft:hay_block":8,"minecraft:white_wool":8,"quark:marble":24,"minecraft:cobblestone":220,"minecraft:birch_log":6,"minecraft:feather":2,"minecraft:salmon":2,"xlfoodmod:pineapple_seeds":1,"minecraft:lapis_lazuli":54,"minecraft:dirt":207,"minecraft:paper":5,"born_in_chaos_v1:monster_skin":1,"minecraft:bone":6,"minecraft:acacia_planks":11,"minecraft:wheat_seeds":116,"dynamictrees:birch_seed":4,"minecraft:iron_ore":76,"minecraft:oak_planks":3,"minecraft:polished_andesite_stairs":2,"xlfoodmod:rice":1,"tconstruct:copper_ore":8,"chisel:marble/raw":29,"minecraft:gravel":4,"minecraft:stripped_spruce_log":3,"dynamictrees:acacia_seed":5,"minecraft:melon":3,"minecraft:blast_furnace":1,"minecraft:spruce_log":314,"minecraft:acacia_stairs":2,"minecraft:dark_oak_log":65,"quark:cobbled_deepslate":639,"minecraft:polished_andesite":2,"minecraft:slime_ball":1,"minecraft:emerald":23,"tombstone:magic_scroll":1,"minecraft:melon_seeds":3,"minecraft:coal":39},"minecraft:crafted":{"minecraft:oak_planks":4,"xlfoodmod:flesh":17,"minecraft:cooked_chicken":2,"minecraft:furnace":4,"minecraft:iron_boots":1,"minecraft:iron_axe":2,"minecraft:stone_pickaxe":2,"minecraft:chest":1,"minecraft:dark_oak_planks":20,"chisel:diamond_chisel":1,"minecraft:wheat":72,"minecraft:crafting_table":3,"minecraft:spruce_planks":12,"minecraft:wooden_pickaxe":1,"minecraft:iron_sword":1,"minecraft:stone_axe":1,"minecraft:bread":37,"minecraft:iron_chestplate":1,"minecraft:stick":12,"minecraft:iron_ingot":76,"minecraft:iron_pickaxe":3,"minecraft:stone_sword":1,"minecraft:iron_shovel":1,"minecraft:iron_leggings":1,"minecraft:acacia_planks":8},"minecraft:killed":{"minecraft:chicken":1,"undead:thebomber":1,"undead:themoonflower":11,"undead:thewolf":1,"minecraft:salmon":1,"born_in_chaos_v1:dread_hound":1,"undead:the_screecher":9},"minecraft:custom":{"minecraft:mob_kills":31,"minecraft:interact_with_crafting_table":43,"minecraft:bell_ring":4,"minecraft:damage_dealt_resisted":30,"minecraft:eat_cake_slice":10,"minecraft:leave_game":1,"minecraft:time_since_death":48347,"minecraft:climb_one_cm":2310,"minecraft:sprint_one_cm":779065,"minecraft:walk_one_cm":549528,"minecraft:drop":53,"minecraft:deaths":13,"minecraft:sneak_time":2105,"minecraft:walk_under_water_one_cm":1347,"minecraft:jump":2828,"minecraft:interact_with_blast_furnace":12,"minecraft:walk_on_water_one_cm":9951,"minecraft:interact_with_furnace":87,"minecraft:play_one_minute":219494,"minecraft:sleep_in_bed":2,"minecraft:time_since_rest":47817,"minecraft:waystone_activated":2,"minecraft:damage_taken":5066,"minecraft:trigger_trapped_chest":2,"minecraft:damage_dealt":7509,"minecraft:swim_one_cm":9172,"minecraft:fly_one_cm":525664,"minecraft:open_chest":77,"minecraft:crouch_one_cm":5976,"tombstone:undead_killed":22,"minecraft:fall_one_cm":55095},"minecraft:mined":{"quark:orange_blossom_leaves":12,"minecraft:dark_oak_leaves":7,"minecraft:dark_oak_log":72,"minecraft:nether_bricks":1,"minecraft:grass_block":101,"minecraft:spawner":2,"minecraft:hay_block":8,"quark:pink_blossom_leaves":61,"minecraft:iron_ore":74,"minecraft:acacia_stairs":2,"chisel:marble/raw":29,"minecraft:stripped_spruce_log":3,"quark:smooth_basalt":2,"dynamictrees:spruce_leaves":7,"chisel:limestone/raw":16,"minecraft:vine":3,"minecraft:iron_bars":1,"minecraft:stone":202,"minecraft:white_wool":8,"tconstruct:copper_ore":8,"minecraft:melon_stem":1,"minecraft:clay":6,"minecraft:crafting_table":2,"minecraft:torch":1,"minecraft:emerald_ore":23,"minecraft:polished_andesite_stairs":2,"minecraft:poppy":1,"minecraft:melon":4,"minecraft:cobblestone":6,"minecraft:tall_grass":11,"minecraft:lapis_ore":8,"minecraft:oak_planks":3,"minecraft:sugar_cane":16,"minecraft:diorite":33,"quark:marble":24,"minecraft:wheat":40,"minecraft:spruce_log":62,"quark:deepslate":645,"minecraft:grass":34,"minecraft:coal_ore":40,"minecraft:gravel":4,"minecraft:dirt":111,"minecraft:cracked_stone_bricks":1,"minecraft:acacia_planks":11,"minecraft:polished_andesite":2,"minecraft:gold_ore":1,"quark:root":1},"minecraft:killed_by":{"undead:thesnatcher":1,"born_in_chaos_v1:restless_spirit":1,"undead:the_screecher":1,"minecraft:skeleton":2,"artifacts:mimic":1,"undead:themoonflower":7},"minecraft:broken":{"minecraft:stone_pickaxe":3,"minecraft:iron_axe":1,"minecraft:stone_axe":1,"minecraft:iron_pickaxe":2}},"DataVersion":2586}