{"stats":{"minecraft:used":{"minecraft:wheat_seeds":9,"minecraft:stone_sword":70,"minecraft:melon":3,"minecraft:stone_pickaxe":131,"minecraft:wooden_pickaxe":59,"minecraft:iron_sword":31,"minecraft:dirt":11,"minecraft:crafting_table":4,"minecraft:blast_furnace":1,"minecraft:spruce_log":1,"minecraft:stripped_spruce_log":1,"minecraft:dark_oak_log":6,"minecraft:bread":12,"minecraft:iron_axe":27,"minecraft:melon_slice":9,"minecraft:iron_pickaxe":100,"carryon:entity_item":1,"tombstone:grave_key":6,"minecraft:stone_axe":93,"minecraft:cobblestone":13,"tombstone:gift":2,"alexsmobs:animal_dictionary":2,"minecraft:acacia_planks":1},"minecraft:dropped":{"quark:root_item":1,"minecraft:wheat_seeds":24,"undead:blackpetal":2,"minecraft:azure_bluet":1,"minecraft:acacia_stairs":1,"minecraft:item_frame":1,"minecraft:flower_pot":1,"minecraft:bone":3},"minecraft:picked_up":{"minecraft:birch_log":6,"minecraft:crafting_table":2,"minecraft:wheat":41,"minecraft:azure_bluet":1,"minecraft:chicken":1,"minecraft:clay_ball":24,"minecraft:flower_pot":1,"dynamictrees:spruce_seed":35,"minecraft:enchanted_book":1,"minecraft:paper":5,"minecraft:dirt":27,"minecraft:item_frame":2,"minecraft:bone":5,"minecraft:acacia_planks":2,"minecraft:wheat_seeds":106,"dynamictrees:birch_seed":2,"minecraft:iron_ore":52,"dynamictrees:oak_seed":3,"minecraft:poppy":1,"quark:root_item":3,"minecraft:melon_slice":18,"minecraft:sugar_cane":25,"minecraft:egg":2,"minecraft:stick":123,"tconstruct:copper_ore":8,"chisel:marble/raw":18,"minecraft:torch":1,"minecraft:acacia_log":2,"epicfight:skillbook":1,"undead:blackpetal":10,"minecraft:melon":3,"minecraft:stripped_spruce_log":2,"minecraft:blast_furnace":1,"minecraft:spruce_log":148,"minecraft:acacia_stairs":1,"minecraft:dark_oak_log":65,"quark:ancient_tome":1,"minecraft:rotten_flesh":22,"minecraft:hay_block":4,"minecraft:emerald":23,"tombstone:magic_scroll":1,"minecraft:melon_seeds":3,"quark:marble":14,"minecraft:coal":33,"minecraft:cobblestone":126},"minecraft:crafted":{"minecraft:oak_planks":4,"minecraft:crafting_table":3,"minecraft:spruce_planks":8,"minecraft:wooden_pickaxe":1,"minecraft:iron_sword":1,"minecraft:stone_axe":1,"minecraft:bread":25,"minecraft:iron_axe":1,"minecraft:stick":12,"minecraft:iron_ingot":44,"minecraft:iron_pickaxe":1,"minecraft:stone_pickaxe":2,"minecraft:stone_sword":1,"minecraft:acacia_planks":8,"minecraft:dark_oak_planks":20,"minecraft:wheat":36},"minecraft:killed":{"undead:thewolf":1,"undead:themoonflower":8,"undead:the_screecher":1},"minecraft:custom":{"minecraft:interact_with_furnace":40,"minecraft:mob_kills":12,"minecraft:interact_with_crafting_table":21,"minecraft:play_one_minute":93494,"minecraft:bell_ring":1,"minecraft:damage_dealt_resisted":30,"minecraft:eat_cake_slice":7,"minecraft:leave_game":1,"minecraft:time_since_death":2114,"minecraft:sleep_in_bed":1,"minecraft:climb_one_cm":2310,"minecraft:time_since_rest":1528,"minecraft:waystone_activated":1,"minecraft:sprint_one_cm":405254,"minecraft:damage_taken":2710,"minecraft:walk_one_cm":252296,"minecraft:trigger_trapped_chest":1,"minecraft:drop":34,"minecraft:damage_dealt":4365,"minecraft:swim_one_cm":805,"minecraft:fly_one_cm":179308,"minecraft:open_chest":31,"minecraft:crouch_one_cm":1989,"tombstone:undead_killed":10,"minecraft:deaths":8,"minecraft:sneak_time":960,"minecraft:walk_under_water_one_cm":803,"minecraft:jump":1071,"minecraft:interact_with_blast_furnace":6,"minecraft:walk_on_water_one_cm":2580,"minecraft:fall_one_cm":17646},"minecraft:killed_by":{"born_in_chaos_v1:restless_spirit":1,"undead:the_screecher":1,"artifacts:mimic":1,"undead:themoonflower":5},"minecraft:mined":{"tconstruct:copper_ore":8,"minecraft:dark_oak_leaves":7,"minecraft:melon_stem":1,"minecraft:dark_oak_log":72,"minecraft:clay":6,"minecraft:crafting_table":2,"minecraft:torch":1,"minecraft:emerald_ore":23,"minecraft:grass_block":3,"minecraft:poppy":1,"minecraft:melon":4,"minecraft:tall_grass":5,"minecraft:cobblestone":3,"minecraft:sugar_cane":16,"minecraft:hay_block":4,"minecraft:iron_ore":50,"minecraft:wheat":40,"quark:marble":14,"minecraft:spruce_log":2,"minecraft:acacia_stairs":1,"minecraft:stripped_spruce_log":2,"chisel:marble/raw":18,"dynamictrees:spruce_leaves":5,"minecraft:grass":3,"minecraft:coal_ore":34,"minecraft:vine":3,"minecraft:dirt":24,"minecraft:acacia_planks":2,"minecraft:stone":110,"quark:root":1},"minecraft:broken":{"minecraft:stone_pickaxe":1}},"DataVersion":2586}