{"stats":{"minecraft:used":{"alexsmobs:emu_egg":2,"minecraft:stone_sword":115,"quark:cobbled_deepslate":12,"minecraft:iron_shovel":263,"minecraft:melon":3,"xlfoodmod:corn_seeds":1,"minecraft:spruce_slab":60,"minecraft:chest":1,"minecraft:iron_sword":351,"minecraft:cooked_salmon":1,"minecraft:cooked_chicken":2,"minecraft:rotten_flesh":2,"chisel:planks/dark_oak/log_cabin":185,"minecraft:torch":25,"minecraft:dirt":318,"quark:cobbled_deepslate_slab":103,"minecraft:stripped_spruce_log":3,"quark:cobbled_deepslate_stairs":258,"minecraft:dark_oak_planks":2,"quark:spruce_chest":2,"minecraft:iron_axe":571,"carryon:entity_item":2,"carryon:tile_item":8,"minecraft:cooked_cod":3,"minecraft:furnace":4,"minecraft:acacia_fence":1,"tombstone:gift":4,"xlfoodmod:flesh":42,"minecraft:trapped_chest":1,"minecraft:acacia_planks":2,"quark:pink_blossom_sapling":5,"xlfoodmod:strawberry":1,"minecraft:wheat_seeds":9,"minecraft:dark_oak_stairs":21,"quark:deepslate":172,"minecraft:stone_pickaxe":392,"minecraft:baked_potato":4,"minecraft:wooden_pickaxe":59,"xlfoodmod:strawberry_seeds":1,"quark:deepslate_tiles_slab":81,"minecraft:white_wool":63,"mcwbridges:balustrade_cobblestone_bridge":2,"minecraft:loom":60,"minecraft:crafting_table":5,"minecraft:blast_furnace":1,"minecraft:shears":19,"minecraft:spruce_log":296,"minecraft:acacia_stairs":1,"minecraft:dark_oak_log":7,"minecraft:melon_slice":17,"minecraft:bread":31,"minecraft:iron_pickaxe":912,"mcwbridges:cobblestone_bridge_stair":4,"tombstone:grave_key":14,"minecraft:stone_axe":108,"minecraft:cobblestone":55,"minecraft:yellow_bed":1,"alexsmobs:animal_dictionary":2,"minecraft:bone_meal":6},"minecraft:dropped":{"minecraft:enchanted_book":1,"minecraft:bread":5,"minecraft:wheat_seeds":38,"chisel:marble/raw":1,"dynamictrees:birch_seed":4,"minecraft:crossbow":1,"minecraft:cracked_stone_bricks":1,"dynamictrees:spruce_seed":44,"minecraft:item_frame":1,"minecraft:polished_andesite":1,"minecraft:diorite":24,"minecraft:polished_andesite_stairs":1,"minecraft:iron_pickaxe":1,"minecraft:bone":4,"quark:root_item":1,"undead:blackpetal":2,"minecraft:azure_bluet":1,"minecraft:acacia_stairs":1,"minecraft:flower_pot":1,"xlfoodmod:tomato_seeds":1,"xlfoodmod:strawberry_seeds":2,"xlfoodmod:pineapple_seeds":1,"minecraft:arrow":4,"botania:lime_mystical_flower":2,"botania:magenta_mystical_flower":1,"xlfoodmod:onion":2},"minecraft:picked_up":{"minecraft:iron_chestplate":1,"minecraft:crafting_table":2,"minecraft:wheat":41,"minecraft:azure_bluet":1,"minecraft:chicken":2,"minecraft:flower_pot":1,"minecraft:clay_ball":24,"dynamictrees:spruce_seed":44,"minecraft:enchanted_book":1,"xlfoodmod:flesh":1,"minecraft:string":110,"quark:cobbled_deepslate_slab":1,"xlfoodmod:strawberry_seeds":3,"minecraft:item_frame":3,"botania:magenta_mystical_flower":3,"xlfoodmod:onion":2,"minecraft:cracked_stone_bricks":1,"minecraft:iron_pickaxe":1,"minecraft:poppy":1,"dynamictrees:oak_seed":3,"quark:root_item":3,"minecraft:spruce_slab":4,"minecraft:melon_slice":18,"minecraft:sugar_cane":25,"minecraft:egg":2,"minecraft:stick":168,"minecraft:acacia_fence":1,"chisel:limestone/raw":16,"minecraft:acacia_log":11,"minecraft:torch":5,"epicfight:skillbook":3,"quark:pink_blossom_sapling":5,"undead:blackpetal":19,"tombstone:grave_dust":3,"minecraft:carrot":1,"minecraft:diorite":33,"minecraft:dark_oak_planks":8,"quark:ancient_tome":1,"botania:lime_mystical_flower":2,"minecraft:arrow":3,"minecraft:rotten_flesh":66,"quark:smooth_basalt":2,"minecraft:nether_bricks":1,"minecraft:hay_block":8,"alexsmobs:emu_egg":2,"minecraft:white_wool":63,"quark:marble":24,"minecraft:cobblestone":220,"minecraft:birch_log":6,"minecraft:feather":2,"quark:cobbled_deepslate_stairs":34,"minecraft:salmon":15,"xlfoodmod:pineapple_seeds":1,"minecraft:yellow_bed":1,"minecraft:lapis_lazuli":54,"minecraft:dirt":317,"minecraft:paper":5,"born_in_chaos_v1:monster_skin":1,"minecraft:bone":22,"minecraft:acacia_planks":11,"mcwbridges:balustrade_cobblestone_bridge":2,"minecraft:wheat_seeds":127,"dynamictrees:birch_seed":4,"minecraft:iron_ore":76,"minecraft:oak_planks":3,"minecraft:dark_oak_stairs":3,"chisel:planks/dark_oak/log_cabin":2,"minecraft:polished_andesite_stairs":2,"xlfoodmod:strawberry":1,"xlfoodmod:rice":1,"tconstruct:copper_ore":8,"mcwbridges:cobblestone_bridge_stair":4,"chisel:marble/raw":29,"born_in_chaos_v1:ethereal_spirit":2,"minecraft:dandelion":2,"minecraft:gravel":4,"minecraft:stripped_spruce_log":5,"dynamictrees:acacia_seed":5,"minecraft:melon":3,"minecraft:ink_sac":2,"minecraft:blast_furnace":1,"xlfoodmod:tomato_seeds":1,"minecraft:loom":5,"minecraft:spruce_log":341,"minecraft:acacia_stairs":2,"minecraft:dark_oak_log":208,"quark:cobbled_deepslate":765,"minecraft:polished_andesite":2,"minecraft:slime_ball":1,"minecraft:iron_helmet":1,"minecraft:crossbow":1,"xlfoodmod:corn_seeds":1,"minecraft:emerald":23,"tombstone:magic_scroll":1,"minecraft:melon_seeds":3,"quark:deepslate_tiles_slab":3,"minecraft:coal":39},"minecraft:crafted":{"mcwbridges:cobblestone_bridge_stair":47,"minecraft:oak_planks":4,"xlfoodmod:flesh":47,"mcwbridges:balustrade_cobblestone_bridge":55,"minecraft:cooked_chicken":2,"minecraft:furnace":4,"minecraft:loom":55,"minecraft:bone_meal":6,"minecraft:iron_boots":1,"minecraft:iron_axe":4,"minecraft:spruce_slab":60,"minecraft:stone_pickaxe":2,"minecraft:chest":1,"quark:spruce_chest":2,"minecraft:dark_oak_planks":308,"chisel:diamond_chisel":1,"quark:deepslate_tiles_slab":1146,"minecraft:wheat":72,"minecraft:cooked_cod":3,"quark:deepslate":256,"minecraft:dark_oak_stairs":36,"quark:cobbled_deepslate_stairs":240,"minecraft:crafting_table":3,"minecraft:spruce_planks":176,"minecraft:wooden_pickaxe":1,"minecraft:iron_sword":2,"minecraft:cooked_salmon":1,"quark:cobbled_deepslate_slab":1626,"minecraft:stone_axe":1,"minecraft:bread":37,"minecraft:iron_chestplate":1,"minecraft:stick":12,"minecraft:iron_ingot":84,"minecraft:iron_pickaxe":4,"minecraft:stone_sword":1,"minecraft:iron_shovel":1,"minecraft:iron_leggings":1,"minecraft:acacia_planks":8,"minecraft:torch":44,"minecraft:shears":1},"minecraft:killed":{"born_in_chaos_v1:scarlet_persecutor":2,"minecraft:skeleton":1,"minecraft:chicken":1,"undead:thebomber":1,"undead:themoonflower":19,"undead:thewolf":2,"minecraft:salmon":15,"born_in_chaos_v1:decrepit_skeleton":1,"minecraft:pillager":1,"minecraft:zombie":3,"born_in_chaos_v1:dread_hound":1,"born_in_chaos_v1:baby_skkl":1,"undead:the_screecher":16},"minecraft:custom":{"minecraft:interact_with_anvil":2,"minecraft:mob_kills":71,"minecraft:interact_with_crafting_table":103,"minecraft:bell_ring":4,"minecraft:damage_dealt_resisted":97,"minecraft:eat_cake_slice":10,"minecraft:leave_game":1,"minecraft:time_since_death":40831,"minecraft:climb_one_cm":2310,"minecraft:sprint_one_cm":1351373,"minecraft:walk_one_cm":1020378,"minecraft:drop":67,"minecraft:deaths":24,"minecraft:sneak_time":21957,"minecraft:walk_under_water_one_cm":16086,"minecraft:jump":4071,"minecraft:interact_with_blast_furnace":17,"minecraft:walk_on_water_one_cm":19777,"minecraft:interact_with_furnace":132,"tombstone:raider_killed":1,"minecraft:play_one_minute":393494,"minecraft:interact_with_stonecutter":11,"minecraft:sleep_in_bed":3,"minecraft:time_since_rest":11490,"minecraft:waystone_activated":2,"minecraft:damage_taken":8958,"minecraft:trigger_trapped_chest":2,"minecraft:damage_dealt":14570,"minecraft:swim_one_cm":23441,"minecraft:fly_one_cm":786520,"minecraft:open_chest":124,"minecraft:crouch_one_cm":61430,"tombstone:undead_killed":44,"minecraft:fall_one_cm":75491},"minecraft:mined":{"quark:orange_blossom_leaves":12,"minecraft:dark_oak_leaves":7,"chisel:planks/dark_oak/log_cabin":2,"minecraft:dark_oak_log":72,"quark:cobbled_deepslate":6,"minecraft:nether_bricks":1,"minecraft:grass_block":102,"quark:deepslate_tiles_slab":7,"mcwbridges:balustrade_cobblestone_bridge":2,"minecraft:spawner":2,"minecraft:hay_block":8,"minecraft:tall_seagrass":1,"quark:pink_blossom_leaves":94,"minecraft:iron_ore":74,"minecraft:acacia_stairs":2,"chisel:marble/raw":29,"minecraft:stripped_spruce_log":5,"quark:smooth_basalt":2,"dynamictrees:spruce_leaves":7,"minecraft:dark_oak_stairs":3,"chisel:limestone/raw":16,"minecraft:vine":3,"minecraft:iron_bars":1,"minecraft:stone":202,"quark:cobbled_deepslate_slab":9,"minecraft:white_wool":30,"minecraft:spruce_slab":4,"tconstruct:copper_ore":8,"minecraft:melon_stem":1,"minecraft:dandelion":2,"minecraft:clay":6,"minecraft:crafting_table":2,"minecraft:torch":3,"minecraft:emerald_ore":23,"minecraft:polished_andesite_stairs":2,"minecraft:poppy":1,"minecraft:melon":4,"minecraft:cobblestone":6,"minecraft:tall_grass":12,"minecraft:lapis_ore":8,"minecraft:oak_planks":3,"minecraft:sugar_cane":16,"minecraft:wall_torch":2,"minecraft:diorite":33,"quark:marble":24,"minecraft:wheat":40,"minecraft:spruce_log":82,"minecraft:yellow_bed":1,"quark:cobbled_deepslate_stairs":37,"quark:deepslate":770,"minecraft:grass":84,"minecraft:coal_ore":40,"minecraft:acacia_fence":1,"minecraft:loom":5,"minecraft:gravel":4,"minecraft:dirt":231,"minecraft:cobweb":119,"mcwbridges:cobblestone_bridge_stair":4,"minecraft:cracked_stone_bricks":1,"minecraft:acacia_planks":11,"minecraft:polished_andesite":2,"minecraft:gold_ore":1,"quark:root":1},"minecraft:killed_by":{"undead:thesnatcher":1,"born_in_chaos_v1:restless_spirit":1,"undead:the_screecher":1,"undead:thewolf":1,"undead:theheavy":1,"minecraft:skeleton":2,"artifacts:mimic":1,"undead:themoonflower":15},"minecraft:broken":{"minecraft:stone_sword":1,"minecraft:stone_pickaxe":3,"minecraft:iron_axe":3,"minecraft:stone_axe":1,"minecraft:iron_sword":1,"minecraft:iron_pickaxe":3}},"DataVersion":2586}