{"stats":{"minecraft:mined":{"quark:orange_blossom_leaves":12,"chisel:planks/dark_oak/log_cabin":2,"minecraft:grass_block":104,"quark:deepslate_tiles_slab":7,"minecraft:spawner":2,"minecraft:tall_seagrass":1,"minecraft:iron_ore":97,"minecraft:dark_oak_stairs":3,"chisel:limestone/raw":16,"minecraft:iron_bars":1,"minecraft:spruce_slab":4,"minecraft:melon_stem":1,"minecraft:clay":6,"minecraft:torch":5,"minecraft:poppy":1,"minecraft:melon":4,"minecraft:polished_andesite_stairs":2,"minecraft:cobblestone":15,"minecraft:sugar_cane":16,"minecraft:oak_planks":3,"minecraft:wall_torch":5,"quark:marble":31,"minecraft:wheat":47,"minecraft:grass":114,"minecraft:acacia_fence":1,"minecraft:loom":5,"minecraft:dirt":295,"mcwbridges:cobblestone_bridge_stair":4,"minecraft:dark_oak_leaves":7,"minecraft:dark_oak_log":72,"born_in_chaos_v1:infected_diamond_ore":1,"quark:cobbled_deepslate":6,"minecraft:nether_bricks":1,"minecraft:dark_oak_fence":4,"mcwbridges:balustrade_cobblestone_bridge":2,"minecraft:potted_bamboo":1,"minecraft:hay_block":8,"quark:pink_blossom_leaves":94,"minecraft:acacia_stairs":2,"chisel:marble/raw":29,"minecraft:stripped_spruce_log":10,"dynamictrees:spruce_leaves":7,"quark:smooth_basalt":10,"minecraft:vine":3,"minecraft:lantern":3,"minecraft:bamboo_sapling":1,"minecraft:bamboo":1,"minecraft:stone":239,"quark:cobbled_deepslate_slab":9,"minecraft:white_wool":30,"tconstruct:copper_ore":8,"minecraft:stripped_dark_oak_log":1,"minecraft:dandelion":2,"minecraft:crafting_table":2,"minecraft:emerald_ore":23,"minecraft:campfire":5,"minecraft:tall_grass":15,"minecraft:lapis_ore":9,"minecraft:diorite":33,"minecraft:spruce_log":86,"quark:cobbled_deepslate_stairs":98,"quark:deepslate":1068,"minecraft:yellow_bed":1,"minecraft:coal_ore":40,"minecraft:gravel":4,"minecraft:cobweb":119,"minecraft:cracked_stone_bricks":1,"minecraft:acacia_planks":11,"minecraft:polished_andesite":2,"minecraft:gold_ore":1,"quark:root":2},"minecraft:broken":{"minecraft:iron_shovel":1,"minecraft:stone_pickaxe":3,"minecraft:stone_axe":1,"minecraft:iron_sword":1,"minecraft:stone_sword":1,"minecraft:iron_axe":3,"minecraft:iron_pickaxe":5},"minecraft:used":{"alexsmobs:emu_egg":3,"minecraft:iron_shovel":274,"quark:cobbled_deepslate":28,"minecraft:melon":3,"minecraft:spruce_slab":60,"minecraft:chest":1,"minecraft:iron_sword":413,"minecraft:rotten_flesh":2,"chisel:planks/dark_oak/log_cabin":185,"quark:cobbled_deepslate_slab":103,"minecraft:stripped_spruce_log":8,"minecraft:lantern":1,"minecraft:item_frame":1,"carryon:tile_item":8,"minecraft:bow":1,"minecraft:furnace":4,"minecraft:cooked_cod":3,"minecraft:acacia_fence":1,"xlfoodmod:flesh":65,"quark:pink_blossom_sapling":9,"minecraft:dark_oak_stairs":21,"minecraft:stone_pickaxe":392,"minecraft:wooden_pickaxe":59,"xlfoodmod:strawberry_seeds":1,"minecraft:white_wool":111,"minecraft:loom":61,"minecraft:blast_furnace":1,"minecraft:shears":19,"minecraft:dark_oak_log":7,"minecraft:bread":31,"minecraft:melon_slice":17,"tombstone:grave_key":15,"minecraft:dark_oak_fence":21,"botania:magenta_mystical_flower":2,"minecraft:bone_meal":15,"minecraft:stone_sword":115,"xlfoodmod:corn_seeds":1,"minecraft:spruce_planks":2,"minecraft:cooked_salmon":1,"minecraft:cooked_chicken":8,"minecraft:torch":50,"minecraft:dirt":453,"quark:cobbled_deepslate_stairs":399,"minecraft:dark_oak_planks":2,"quark:spruce_chest":2,"minecraft:iron_axe":656,"carryon:entity_item":4,"minecraft:bamboo":8,"tombstone:gift":7,"minecraft:trapped_chest":1,"minecraft:acacia_planks":2,"xlfoodmod:strawberry":1,"minecraft:wheat_seeds":15,"quark:deepslate":250,"minecraft:baked_potato":6,"quark:deepslate_tiles_slab":81,"mcwbridges:balustrade_cobblestone_bridge":2,"minecraft:crafting_table":5,"minecraft:dark_oak_fence_gate":1,"minecraft:spruce_log":355,"minecraft:flower_pot":1,"minecraft:acacia_stairs":1,"minecraft:iron_pickaxe":1406,"quark:root_item":1,"mcwbridges:cobblestone_bridge_stair":4,"minecraft:stone_axe":108,"minecraft:cobblestone":111,"minecraft:yellow_bed":1,"alexsmobs:animal_dictionary":2},"minecraft:killed_by":{"born_in_chaos_v1:wither_strider":1,"undead:thewolf":1,"undead:theheavy":1,"artifacts:mimic":7,"minecraft:zombie":1,"undead:thesnatcher":1,"born_in_chaos_v1:restless_spirit":1,"undead:the_screecher":1,"minecraft:skeleton":2,"born_in_chaos_v1:diamond_thermite":1,"undead:themoonflower":15},"minecraft:killed":{"born_in_chaos_v1:scarlet_persecutor":2,"minecraft:skeleton":1,"minecraft:chicken":1,"undead:thebomber":1,"artifacts:mimic":1,"undead:thewolf":2,"minecraft:salmon":15,"minecraft:pillager":1,"minecraft:zombie":5,"born_in_chaos_v1:dread_hound":1,"undead:themoonflower":19,"born_in_chaos_v1:decrepit_skeleton":1,"born_in_chaos_v1:baby_skkl":3,"undead:the_screecher":16},"minecraft:picked_up":{"minecraft:iron_chestplate":1,"minecraft:wheat":49,"minecraft:flower_pot":2,"minecraft:lead":3,"minecraft:enchanted_book":1,"minecraft:string":112,"xlfoodmod:strawberry_seeds":3,"quark:cobbled_deepslate_slab":1,"xlfoodmod:onion":2,"quark:root_item":5,"dynamictrees:oak_seed":3,"minecraft:iron_pickaxe":1,"minecraft:melon_slice":18,"minecraft:tipped_arrow":1,"minecraft:stick":168,"minecraft:acacia_fence":1,"chisel:limestone/raw":16,"minecraft:torch":8,"minecraft:acacia_log":11,"epicfight:skillbook":3,"quark:pink_blossom_sapling":9,"undead:blackpetal":19,"tombstone:grave_dust":3,"minecraft:diorite":33,"quark:ancient_tome":1,"minecraft:rotten_flesh":66,"alexsmobs:emu_egg":3,"quark:marble":31,"minecraft:cobblestone":266,"minecraft:birch_log":6,"minecraft:feather":2,"quark:cobbled_deepslate_stairs":92,"minecraft:potato":8,"minecraft:lantern":3,"minecraft:lapis_lazuli":62,"minecraft:dirt":415,"born_in_chaos_v1:monster_skin":1,"minecraft:bone":22,"minecraft:acacia_planks":11,"minecraft:bow":1,"minecraft:wheat_seeds":156,"minecraft:bamboo":8,"minecraft:oak_planks":3,"chisel:planks/dark_oak/log_cabin":2,"xlfoodmod:rice":1,"mcwbridges:cobblestone_bridge_stair":4,"dynamictrees:acacia_seed":5,"minecraft:melon":3,"minecraft:stripped_spruce_log":10,"minecraft:ink_sac":2,"xlfoodmod:tomato_seeds":1,"minecraft:loom":5,"minecraft:acacia_stairs":2,"minecraft:dark_oak_log":208,"quark:cobbled_deepslate":1057,"minecraft:polished_andesite":2,"minecraft:crossbow":1,"minecraft:emerald":23,"minecraft:dark_oak_fence":4,"minecraft:charcoal":10,"minecraft:crafting_table":2,"minecraft:azure_bluet":1,"minecraft:chicken":10,"minecraft:clay_ball":24,"dynamictrees:spruce_seed":44,"xlfoodmod:flesh":1,"minecraft:iron_axe":1,"minecraft:item_frame":3,"botania:magenta_mystical_flower":3,"artifacts:fire_gauntlet":1,"minecraft:cracked_stone_bricks":1,"minecraft:poppy":1,"minecraft:spruce_slab":4,"minecraft:sugar_cane":25,"minecraft:egg":2,"sophisticatedbackpacks:backpack":1,"minecraft:carrot":1,"minecraft:dark_oak_planks":8,"minecraft:arrow":3,"botania:lime_mystical_flower":2,"quark:smooth_basalt":10,"minecraft:nether_bricks":1,"minecraft:hay_block":8,"minecraft:gold_ingot":6,"minecraft:white_wool":126,"minecraft:salmon":15,"xlfoodmod:pineapple_seeds":1,"minecraft:yellow_bed":1,"minecraft:paper":5,"mcwbridges:balustrade_cobblestone_bridge":2,"dynamictrees:birch_seed":4,"minecraft:iron_ore":99,"minecraft:dark_oak_stairs":3,"minecraft:polished_andesite_stairs":2,"xlfoodmod:strawberry":1,"tconstruct:copper_ore":8,"chisel:marble/raw":29,"born_in_chaos_v1:ethereal_spirit":2,"minecraft:dandelion":3,"minecraft:gravel":4,"minecraft:blast_furnace":1,"minecraft:spruce_log":399,"minecraft:slime_ball":1,"minecraft:iron_helmet":1,"xlfoodmod:corn_seeds":1,"tombstone:magic_scroll":1,"minecraft:melon_seeds":3,"minecraft:stripped_dark_oak_log":1,"minecraft:coal":39,"quark:deepslate_tiles_slab":3},"minecraft:dropped":{"chisel:marble/raw":1,"minecraft:baked_potato":1,"minecraft:crossbow":1,"minecraft:cracked_stone_bricks":1,"dynamictrees:spruce_seed":44,"minecraft:item_frame":1,"minecraft:iron_pickaxe":1,"minecraft:bone":4,"quark:root_item":1,"minecraft:cooked_chicken":1,"minecraft:stripped_dark_oak_log":1,"undead:blackpetal":2,"minecraft:azure_bluet":1,"minecraft:acacia_stairs":1,"xlfoodmod:tomato_seeds":1,"xlfoodmod:strawberry_seeds":2,"xlfoodmod:pineapple_seeds":1,"minecraft:arrow":4,"minecraft:enchanted_book":1,"minecraft:bread":5,"minecraft:wheat_seeds":60,"dynamictrees:birch_seed":4,"minecraft:polished_andesite":1,"minecraft:diorite":24,"tombstone:grave_dust":4,"minecraft:polished_andesite_stairs":1,"minecraft:dandelion":1,"minecraft:totem_of_undying":1,"minecraft:flower_pot":1,"minecraft:bow":1,"botania:lime_mystical_flower":2,"botania:magenta_mystical_flower":1,"xlfoodmod:onion":2},"minecraft:custom":{"minecraft:animals_bred":2,"minecraft:interact_with_crafting_table":139,"minecraft:bell_ring":4,"minecraft:eat_cake_slice":10,"minecraft:leave_game":3,"minecraft:time_since_death":19235,"minecraft:sprint_one_cm":1835886,"minecraft:drop":76,"minecraft:deaths":33,"minecraft:jump":5084,"minecraft:walk_on_water_one_cm":20205,"minecraft:interact_with_furnace":186,"minecraft:play_one_minute":536582,"minecraft:interact_with_loom":1,"minecraft:sleep_in_bed":4,"minecraft:waystone_activated":2,"minecraft:damage_dealt":16933,"minecraft:crouch_one_cm":84467,"tombstone:undead_killed":48,"minecraft:mob_kills":78,"minecraft:interact_with_anvil":4,"minecraft:damage_dealt_resisted":97,"minecraft:climb_one_cm":2310,"minecraft:walk_one_cm":1379267,"minecraft:sneak_time":31291,"minecraft:walk_under_water_one_cm":16711,"minecraft:interact_with_blast_furnace":19,"tombstone:raider_killed":1,"minecraft:pot_flower":1,"minecraft:interact_with_stonecutter":11,"minecraft:time_since_rest":18300,"minecraft:damage_taken":11596,"minecraft:trigger_trapped_chest":3,"minecraft:swim_one_cm":28603,"minecraft:fly_one_cm":949618,"minecraft:open_chest":164,"minecraft:fall_one_cm":95802},"minecraft:crafted":{"minecraft:oak_planks":4,"xlfoodmod:flesh":64,"mcwbridges:balustrade_cobblestone_bridge":55,"minecraft:cooked_chicken":10,"minecraft:loom":56,"minecraft:iron_boots":1,"minecraft:chest":1,"chisel:diamond_chisel":1,"quark:deepslate":256,"minecraft:crafting_table":3,"minecraft:spruce_planks":176,"minecraft:wooden_pickaxe":1,"minecraft:baked_potato":8,"minecraft:iron_chestplate":1,"minecraft:stick":12,"minecraft:iron_ingot":90,"minecraft:iron_pickaxe":7,"minecraft:stone_sword":1,"minecraft:dark_oak_fence_gate":1,"minecraft:shears":1,"mcwbridges:cobblestone_bridge_stair":47,"minecraft:furnace":4,"minecraft:bone_meal":15,"minecraft:dark_oak_fence":27,"minecraft:iron_axe":5,"minecraft:spruce_slab":60,"minecraft:stone_pickaxe":2,"quark:spruce_chest":2,"minecraft:dark_oak_planks":348,"quark:deepslate_tiles_slab":1146,"minecraft:wheat":72,"minecraft:cooked_cod":3,"quark:cobbled_deepslate_stairs":344,"minecraft:dark_oak_stairs":36,"minecraft:iron_sword":3,"minecraft:cooked_salmon":1,"quark:cobbled_deepslate_slab":1626,"minecraft:stone_axe":1,"minecraft:bread":37,"minecraft:iron_shovel":1,"minecraft:iron_leggings":1,"minecraft:acacia_planks":8,"minecraft:torch":44,"mca:wedding_ring":1}},"DataVersion":2586}