{"stats":{"minecraft:mined":{"quark:orange_blossom_leaves":12,"chisel:planks/dark_oak/log_cabin":2,"minecraft:grass_block":104,"quark:deepslate_tiles_slab":7,"minecraft:spawner":2,"minecraft:tall_seagrass":1,"minecraft:dark_oak_trapdoor":1,"minecraft:iron_ore":97,"minecraft:dark_oak_stairs":3,"minecraft:potted_dandelion":1,"chisel:limestone/raw":16,"minecraft:iron_bars":1,"minecraft:white_banner":1,"minecraft:spruce_slab":4,"minecraft:melon_stem":1,"minecraft:clay":6,"minecraft:torch":6,"minecraft:poppy":1,"minecraft:melon":4,"minecraft:polished_andesite_stairs":2,"minecraft:cobblestone":17,"minecraft:sugar_cane":16,"minecraft:oak_planks":3,"minecraft:wall_torch":8,"quark:marble":31,"minecraft:wheat":47,"minecraft:birch_trapdoor":3,"minecraft:birch_door":3,"minecraft:grass":128,"minecraft:acacia_fence":2,"minecraft:loom":5,"minecraft:dirt":299,"mcwbridges:cobblestone_bridge_stair":4,"quark:pink_blossom_sapling":1,"minecraft:dark_oak_leaves":7,"minecraft:dark_oak_log":72,"born_in_chaos_v1:infected_diamond_ore":1,"quark:cobbled_deepslate":9,"minecraft:nether_bricks":1,"minecraft:dark_oak_fence":5,"mcwbridges:balustrade_cobblestone_bridge":2,"minecraft:potted_bamboo":1,"minecraft:hay_block":9,"quark:pink_blossom_leaves":99,"minecraft:acacia_stairs":2,"chisel:marble/raw":29,"minecraft:stripped_spruce_log":10,"dynamictrees:spruce_leaves":7,"quark:smooth_basalt":10,"minecraft:vine":3,"minecraft:lantern":3,"minecraft:bamboo_sapling":1,"minecraft:bamboo":7,"minecraft:stone":239,"quark:cobbled_deepslate_slab":10,"minecraft:white_wool":64,"tconstruct:copper_ore":8,"minecraft:stripped_dark_oak_log":1,"minecraft:dandelion":2,"minecraft:crafting_table":2,"minecraft:emerald_ore":23,"minecraft:campfire":5,"minecraft:tall_grass":18,"minecraft:lapis_ore":9,"minecraft:diorite":33,"minecraft:spruce_log":87,"quark:cobbled_deepslate_stairs":127,"quark:deepslate":1069,"minecraft:yellow_bed":1,"botania:white_mystical_flower":1,"minecraft:coal_ore":40,"minecraft:gravel":4,"minecraft:cobweb":119,"minecraft:cracked_stone_bricks":1,"minecraft:acacia_planks":11,"minecraft:polished_andesite":2,"minecraft:gold_ore":1,"quark:root":2},"minecraft:broken":{"minecraft:iron_shovel":1,"minecraft:stone_pickaxe":3,"minecraft:stone_axe":1,"minecraft:iron_sword":1,"minecraft:stone_sword":1,"minecraft:iron_axe":4,"minecraft:iron_pickaxe":5},"minecraft:used":{"alexsmobs:emu_egg":3,"minecraft:iron_shovel":274,"quark:cobbled_deepslate":33,"minecraft:melon":3,"minecraft:spruce_slab":60,"minecraft:chest":1,"minecraft:iron_sword":477,"minecraft:rotten_flesh":2,"chisel:planks/dark_oak/log_cabin":185,"quark:cobbled_deepslate_slab":124,"minecraft:stripped_spruce_log":8,"minecraft:lantern":1,"minecraft:item_frame":1,"carryon:tile_item":8,"minecraft:birch_trapdoor":63,"minecraft:bow":1,"minecraft:furnace":4,"minecraft:cooked_cod":3,"minecraft:acacia_fence":1,"xlfoodmod:flesh":65,"quark:pink_blossom_sapling":25,"minecraft:dark_oak_stairs":21,"minecraft:stone_pickaxe":392,"minecraft:wooden_pickaxe":59,"xlfoodmod:strawberry_seeds":1,"minecraft:white_wool":202,"minecraft:dark_oak_trapdoor":7,"minecraft:loom":61,"minecraft:blast_furnace":1,"minecraft:shears":50,"minecraft:dark_oak_log":7,"minecraft:bread":35,"minecraft:melon_slice":17,"tombstone:grave_key":15,"minecraft:dark_oak_fence":22,"botania:magenta_mystical_flower":2,"minecraft:bone_meal":15,"minecraft:stone_sword":115,"xlfoodmod:corn_seeds":1,"minecraft:spruce_planks":2,"minecraft:cooked_salmon":1,"minecraft:cooked_chicken":9,"minecraft:torch":54,"minecraft:dirt":461,"quark:cobbled_deepslate_stairs":515,"minecraft:birch_door":5,"minecraft:dark_oak_planks":2,"quark:spruce_chest":2,"minecraft:iron_axe":761,"carryon:entity_item":4,"minecraft:bamboo":36,"tombstone:gift":7,"minecraft:trapped_chest":1,"minecraft:acacia_planks":2,"xlfoodmod:strawberry":1,"minecraft:wheat_seeds":15,"minecraft:cooked_mutton":2,"quark:deepslate":250,"minecraft:baked_potato":11,"quark:deepslate_tiles_slab":81,"mcwbridges:balustrade_cobblestone_bridge":2,"minecraft:crafting_table":5,"minecraft:dark_oak_fence_gate":1,"minecraft:spruce_log":417,"minecraft:dark_oak_door":2,"minecraft:flower_pot":2,"minecraft:acacia_stairs":1,"minecraft:iron_pickaxe":1442,"quark:root_item":2,"mcwbridges:cobblestone_bridge_stair":4,"minecraft:stone_axe":108,"minecraft:cobblestone":113,"minecraft:yellow_bed":1,"alexsmobs:animal_dictionary":2},"minecraft:killed_by":{"born_in_chaos_v1:wither_strider":1,"undead:thewolf":1,"undead:theheavy":1,"artifacts:mimic":7,"minecraft:zombie":1,"undead:thesnatcher":1,"born_in_chaos_v1:restless_spirit":1,"undead:the_screecher":1,"minecraft:skeleton":2,"born_in_chaos_v1:diamond_thermite":1,"undead:themoonflower":16},"minecraft:killed":{"tconstruct:sky_slime":12,"born_in_chaos_v1:scarlet_persecutor":2,"minecraft:skeleton":1,"minecraft:chicken":1,"undead:thebomber":1,"artifacts:mimic":1,"undead:thewolf":2,"minecraft:salmon":15,"minecraft:sheep":1,"minecraft:pillager":1,"minecraft:zombie":5,"born_in_chaos_v1:dread_hound":1,"undead:themoonflower":21,"born_in_chaos_v1:decrepit_skeleton":2,"born_in_chaos_v1:baby_skkl":3,"undead:the_screecher":16},"minecraft:picked_up":{"minecraft:birch_door":3,"minecraft:iron_chestplate":1,"minecraft:wheat":49,"minecraft:flower_pot":3,"minecraft:lead":6,"minecraft:enchanted_book":1,"minecraft:string":112,"minecraft:dark_oak_trapdoor":1,"xlfoodmod:strawberry_seeds":3,"quark:cobbled_deepslate_slab":1,"xlfoodmod:onion":3,"quark:root_item":5,"dynamictrees:oak_seed":4,"minecraft:iron_pickaxe":1,"minecraft:melon_slice":18,"minecraft:tipped_arrow":1,"minecraft:stick":212,"minecraft:acacia_fence":2,"minecraft:birch_trapdoor":3,"minecraft:acacia_log":11,"minecraft:torch":12,"chisel:limestone/raw":16,"epicfight:skillbook":3,"quark:pink_blossom_sapling":27,"undead:blackpetal":19,"tombstone:grave_dust":3,"minecraft:diorite":33,"botania:white_mystical_flower":1,"quark:ancient_tome":1,"minecraft:rotten_flesh":67,"alexsmobs:emu_egg":4,"quark:marble":31,"minecraft:cobblestone":268,"minecraft:birch_log":52,"minecraft:feather":2,"quark:cobbled_deepslate_stairs":112,"minecraft:potato":8,"minecraft:lantern":3,"minecraft:lapis_lazuli":62,"minecraft:dirt":419,"born_in_chaos_v1:monster_skin":1,"minecraft:bone":22,"minecraft:acacia_planks":11,"minecraft:bow":1,"minecraft:wheat_seeds":156,"minecraft:bamboo":58,"minecraft:oak_planks":3,"chisel:planks/dark_oak/log_cabin":2,"xlfoodmod:rice":1,"mcwbridges:cobblestone_bridge_stair":4,"dynamictrees:acacia_seed":5,"minecraft:melon":3,"minecraft:stripped_spruce_log":10,"minecraft:ink_sac":2,"xlfoodmod:tomato_seeds":3,"minecraft:loom":5,"minecraft:acacia_stairs":2,"minecraft:dark_oak_log":208,"quark:cobbled_deepslate":1060,"minecraft:polished_andesite":2,"minecraft:crossbow":1,"minecraft:emerald":23,"minecraft:dark_oak_fence":5,"minecraft:charcoal":10,"minecraft:crafting_table":2,"minecraft:azure_bluet":1,"minecraft:chicken":10,"minecraft:clay_ball":24,"dynamictrees:spruce_seed":44,"xlfoodmod:flesh":1,"minecraft:iron_axe":1,"minecraft:item_frame":3,"botania:magenta_mystical_flower":3,"artifacts:fire_gauntlet":1,"minecraft:cracked_stone_bricks":1,"minecraft:poppy":1,"minecraft:spruce_slab":4,"minecraft:sugar_cane":25,"minecraft:egg":2,"sophisticatedbackpacks:backpack":1,"minecraft:carrot":1,"minecraft:dark_oak_planks":8,"tconstruct:sky_slime_ball":9,"minecraft:arrow":3,"botania:lime_mystical_flower":2,"quark:smooth_basalt":10,"minecraft:nether_bricks":1,"minecraft:hay_block":9,"minecraft:gold_ingot":6,"minecraft:white_wool":209,"minecraft:salmon":15,"minecraft:birch_planks":18,"xlfoodmod:pineapple_seeds":1,"minecraft:yellow_bed":1,"minecraft:paper":5,"minecraft:white_banner":1,"minecraft:cooked_mutton":2,"mcwbridges:balustrade_cobblestone_bridge":2,"dynamictrees:birch_seed":16,"minecraft:iron_ore":99,"minecraft:iron_sword":1,"minecraft:dark_oak_stairs":3,"minecraft:polished_andesite_stairs":2,"xlfoodmod:strawberry":1,"tconstruct:copper_ore":8,"chisel:marble/raw":29,"born_in_chaos_v1:ethereal_spirit":2,"minecraft:dandelion":5,"minecraft:gravel":4,"minecraft:blast_furnace":1,"minecraft:spruce_log":479,"minecraft:slime_ball":1,"minecraft:iron_helmet":1,"xlfoodmod:corn_seeds":1,"minecraft:gray_wool":1,"tombstone:magic_scroll":1,"minecraft:black_wool":2,"minecraft:melon_seeds":3,"minecraft:stripped_dark_oak_log":1,"minecraft:coal":39,"quark:deepslate_tiles_slab":3},"minecraft:dropped":{"minecraft:iron_sword":2,"chisel:marble/raw":1,"minecraft:baked_potato":1,"quark:marble":2,"minecraft:crossbow":1,"minecraft:cracked_stone_bricks":1,"dynamictrees:spruce_seed":44,"minecraft:item_frame":1,"minecraft:iron_pickaxe":1,"botania:white_mystical_flower":1,"minecraft:bone":4,"quark:root_item":1,"dynamictrees:oak_seed":1,"minecraft:cooked_chicken":1,"minecraft:stripped_dark_oak_log":1,"minecraft:rotten_flesh":1,"undead:blackpetal":2,"alexsmobs:emu_egg":1,"minecraft:azure_bluet":1,"minecraft:acacia_stairs":1,"xlfoodmod:tomato_seeds":2,"xlfoodmod:strawberry_seeds":2,"xlfoodmod:pineapple_seeds":1,"minecraft:arrow":4,"minecraft:acacia_fence":1,"minecraft:enchanted_book":1,"minecraft:bread":5,"minecraft:wheat_seeds":61,"dynamictrees:birch_seed":16,"quark:deepslate":4,"minecraft:polished_andesite":1,"minecraft:gray_wool":1,"minecraft:diorite":24,"tombstone:grave_dust":4,"minecraft:polished_andesite_stairs":1,"minecraft:dandelion":3,"quark:pink_blossom_sapling":2,"minecraft:totem_of_undying":1,"quark:smooth_basalt":2,"minecraft:flower_pot":1,"minecraft:bamboo":1,"minecraft:bow":1,"botania:lime_mystical_flower":2,"botania:magenta_mystical_flower":1,"xlfoodmod:onion":3,"minecraft:black_wool":1},"minecraft:custom":{"minecraft:animals_bred":7,"minecraft:interact_with_crafting_table":157,"minecraft:bell_ring":4,"minecraft:eat_cake_slice":10,"minecraft:leave_game":3,"minecraft:time_since_death":59261,"minecraft:sprint_one_cm":2084910,"minecraft:drop":99,"minecraft:deaths":34,"minecraft:jump":5507,"minecraft:walk_on_water_one_cm":20205,"minecraft:interact_with_furnace":195,"minecraft:play_one_minute":611873,"minecraft:interact_with_loom":2,"minecraft:sleep_in_bed":5,"minecraft:waystone_activated":2,"minecraft:damage_dealt":19287,"minecraft:crouch_one_cm":102226,"tombstone:undead_killed":51,"minecraft:mob_kills":99,"minecraft:interact_with_anvil":5,"minecraft:damage_dealt_resisted":559,"minecraft:climb_one_cm":2310,"minecraft:walk_one_cm":1645887,"minecraft:sneak_time":38417,"minecraft:walk_under_water_one_cm":16711,"minecraft:interact_with_blast_furnace":19,"tombstone:raider_killed":1,"minecraft:pot_flower":2,"minecraft:interact_with_stonecutter":11,"minecraft:time_since_rest":44750,"minecraft:damage_taken":12236,"minecraft:trigger_trapped_chest":3,"minecraft:swim_one_cm":28603,"minecraft:fly_one_cm":1034053,"minecraft:open_chest":175,"minecraft:fall_one_cm":101366},"minecraft:crafted":{"minecraft:oak_planks":4,"xlfoodmod:flesh":64,"mcwbridges:balustrade_cobblestone_bridge":55,"minecraft:cooked_chicken":10,"minecraft:loom":56,"minecraft:dark_oak_door":3,"minecraft:iron_boots":1,"minecraft:chest":1,"minecraft:birch_door":12,"chisel:diamond_chisel":1,"quark:deepslate":256,"minecraft:crafting_table":3,"minecraft:spruce_planks":176,"minecraft:wooden_pickaxe":1,"minecraft:baked_potato":8,"minecraft:birch_planks":208,"minecraft:iron_chestplate":1,"minecraft:stick":12,"minecraft:iron_ingot":90,"minecraft:iron_pickaxe":7,"minecraft:stone_sword":1,"minecraft:dark_oak_fence_gate":1,"minecraft:shears":1,"mcwbridges:cobblestone_bridge_stair":47,"minecraft:furnace":4,"minecraft:dark_oak_trapdoor":6,"minecraft:bone_meal":15,"minecraft:dark_oak_fence":27,"minecraft:iron_axe":5,"minecraft:spruce_slab":60,"minecraft:stone_pickaxe":2,"quark:spruce_chest":2,"minecraft:dark_oak_planks":372,"quark:deepslate_tiles_slab":1146,"minecraft:wheat":81,"minecraft:cooked_cod":3,"quark:cobbled_deepslate_stairs":444,"minecraft:dark_oak_stairs":36,"minecraft:iron_sword":3,"minecraft:cooked_salmon":1,"quark:cobbled_deepslate_slab":1626,"minecraft:stone_axe":1,"minecraft:bread":37,"minecraft:birch_trapdoor":60,"minecraft:iron_shovel":1,"minecraft:iron_leggings":1,"minecraft:acacia_planks":8,"minecraft:torch":44,"mca:wedding_ring":1}},"DataVersion":2586}