{"stats":{"minecraft:used":{"minecraft:stone_sword":72,"minecraft:iron_shovel":69,"minecraft:melon":3,"minecraft:chest":1,"minecraft:iron_sword":85,"minecraft:cooked_chicken":2,"minecraft:rotten_flesh":2,"minecraft:dirt":99,"minecraft:stripped_spruce_log":1,"minecraft:iron_axe":250,"carryon:entity_item":1,"minecraft:furnace":2,"tombstone:gift":4,"xlfoodmod:flesh":9,"minecraft:trapped_chest":1,"minecraft:acacia_planks":2,"quark:pink_blossom_sapling":4,"minecraft:wheat_seeds":9,"minecraft:stone_pickaxe":392,"minecraft:baked_potato":4,"minecraft:wooden_pickaxe":59,"minecraft:crafting_table":5,"minecraft:blast_furnace":1,"minecraft:spruce_log":73,"minecraft:acacia_stairs":1,"minecraft:dark_oak_log":6,"minecraft:melon_slice":13,"minecraft:bread":22,"minecraft:iron_pickaxe":247,"tombstone:grave_key":11,"minecraft:stone_axe":108,"minecraft:cobblestone":14,"alexsmobs:animal_dictionary":2},"minecraft:dropped":{"minecraft:enchanted_book":1,"minecraft:bread":4,"minecraft:wheat_seeds":31,"chisel:marble/raw":1,"dynamictrees:birch_seed":4,"dynamictrees:spruce_seed":44,"minecraft:item_frame":1,"minecraft:diorite":24,"minecraft:bone":3,"quark:root_item":1,"undead:blackpetal":2,"minecraft:azure_bluet":1,"minecraft:acacia_stairs":1,"minecraft:flower_pot":1,"xlfoodmod:strawberry_seeds":1},"minecraft:picked_up":{"minecraft:crafting_table":2,"minecraft:wheat":41,"minecraft:azure_bluet":1,"minecraft:chicken":2,"minecraft:flower_pot":1,"minecraft:clay_ball":24,"dynamictrees:spruce_seed":44,"minecraft:enchanted_book":1,"xlfoodmod:strawberry_seeds":1,"minecraft:item_frame":2,"minecraft:cracked_stone_bricks":1,"minecraft:poppy":1,"dynamictrees:oak_seed":3,"quark:root_item":3,"minecraft:melon_slice":18,"minecraft:sugar_cane":25,"minecraft:egg":2,"minecraft:stick":165,"chisel:limestone/raw":16,"minecraft:acacia_log":11,"minecraft:torch":1,"epicfight:skillbook":1,"quark:pink_blossom_sapling":4,"undead:blackpetal":13,"minecraft:carrot":1,"minecraft:diorite":33,"quark:ancient_tome":1,"minecraft:rotten_flesh":40,"minecraft:nether_bricks":1,"minecraft:hay_block":8,"minecraft:white_wool":8,"quark:marble":24,"minecraft:cobblestone":199,"minecraft:birch_log":6,"minecraft:feather":2,"minecraft:salmon":2,"xlfoodmod:pineapple_seeds":1,"minecraft:dirt":99,"minecraft:paper":5,"born_in_chaos_v1:monster_skin":1,"minecraft:bone":6,"minecraft:acacia_planks":8,"minecraft:wheat_seeds":113,"dynamictrees:birch_seed":4,"minecraft:iron_ore":68,"minecraft:polished_andesite_stairs":2,"xlfoodmod:rice":1,"tconstruct:copper_ore":8,"chisel:marble/raw":20,"minecraft:stripped_spruce_log":3,"dynamictrees:acacia_seed":5,"minecraft:melon":3,"minecraft:blast_furnace":1,"minecraft:spruce_log":314,"minecraft:acacia_stairs":2,"minecraft:dark_oak_log":65,"quark:cobbled_deepslate":232,"minecraft:polished_andesite":2,"minecraft:slime_ball":1,"minecraft:emerald":23,"tombstone:magic_scroll":1,"minecraft:melon_seeds":3,"minecraft:coal":37},"minecraft:crafted":{"minecraft:oak_planks":4,"xlfoodmod:flesh":16,"minecraft:cooked_chicken":2,"minecraft:furnace":2,"minecraft:iron_axe":2,"minecraft:stone_pickaxe":2,"minecraft:chest":1,"minecraft:dark_oak_planks":20,"minecraft:wheat":36,"minecraft:crafting_table":3,"minecraft:spruce_planks":12,"minecraft:wooden_pickaxe":1,"minecraft:iron_sword":1,"minecraft:stone_axe":1,"minecraft:bread":25,"minecraft:stick":12,"minecraft:iron_ingot":53,"minecraft:iron_pickaxe":1,"minecraft:stone_sword":1,"minecraft:iron_shovel":1,"minecraft:acacia_planks":8},"minecraft:killed":{"minecraft:chicken":1,"undead:thebomber":1,"undead:themoonflower":11,"undead:thewolf":1,"minecraft:salmon":1,"born_in_chaos_v1:dread_hound":1,"undead:the_screecher":9},"minecraft:custom":{"minecraft:mob_kills":31,"minecraft:interact_with_crafting_table":29,"minecraft:bell_ring":4,"minecraft:damage_dealt_resisted":30,"minecraft:eat_cake_slice":10,"minecraft:leave_game":1,"minecraft:time_since_death":18347,"minecraft:climb_one_cm":2310,"minecraft:sprint_one_cm":735965,"minecraft:walk_one_cm":489440,"minecraft:drop":47,"minecraft:deaths":13,"minecraft:sneak_time":1962,"minecraft:walk_under_water_one_cm":1347,"minecraft:jump":2574,"minecraft:interact_with_blast_furnace":10,"minecraft:walk_on_water_one_cm":9951,"minecraft:interact_with_furnace":64,"minecraft:play_one_minute":189494,"minecraft:sleep_in_bed":2,"minecraft:time_since_rest":17817,"minecraft:waystone_activated":2,"minecraft:damage_taken":5000,"minecraft:trigger_trapped_chest":2,"minecraft:damage_dealt":7429,"minecraft:swim_one_cm":9172,"minecraft:fly_one_cm":481413,"minecraft:open_chest":68,"minecraft:crouch_one_cm":5118,"tombstone:undead_killed":22,"minecraft:fall_one_cm":51710},"minecraft:mined":{"quark:orange_blossom_leaves":12,"minecraft:dark_oak_leaves":7,"minecraft:dark_oak_log":72,"minecraft:nether_bricks":1,"minecraft:grass_block":34,"minecraft:spawner":2,"minecraft:hay_block":8,"quark:pink_blossom_leaves":61,"minecraft:iron_ore":66,"minecraft:acacia_stairs":2,"chisel:marble/raw":20,"minecraft:stripped_spruce_log":3,"dynamictrees:spruce_leaves":7,"chisel:limestone/raw":16,"minecraft:vine":3,"minecraft:iron_bars":1,"minecraft:stone":181,"minecraft:white_wool":8,"tconstruct:copper_ore":8,"minecraft:melon_stem":1,"minecraft:clay":6,"minecraft:crafting_table":2,"minecraft:torch":1,"minecraft:emerald_ore":23,"minecraft:polished_andesite_stairs":2,"minecraft:poppy":1,"minecraft:melon":4,"minecraft:cobblestone":6,"minecraft:tall_grass":11,"minecraft:sugar_cane":16,"minecraft:diorite":33,"quark:marble":24,"minecraft:wheat":40,"minecraft:spruce_log":62,"quark:deepslate":234,"minecraft:grass":20,"minecraft:coal_ore":38,"minecraft:dirt":67,"minecraft:cracked_stone_bricks":1,"minecraft:acacia_planks":8,"minecraft:polished_andesite":2,"quark:root":1},"minecraft:killed_by":{"undead:thesnatcher":1,"born_in_chaos_v1:restless_spirit":1,"undead:the_screecher":1,"minecraft:skeleton":2,"artifacts:mimic":1,"undead:themoonflower":7},"minecraft:broken":{"minecraft:stone_pickaxe":3,"minecraft:iron_axe":1,"minecraft:stone_axe":1,"minecraft:iron_pickaxe":1}},"DataVersion":2586}