{"stats":{"minecraft:used":{"minecraft:wheat_seeds":9,"minecraft:stone_sword":70,"minecraft:iron_shovel":69,"minecraft:melon":3,"minecraft:stone_pickaxe":131,"minecraft:wooden_pickaxe":59,"minecraft:iron_sword":76,"minecraft:cooked_chicken":2,"minecraft:dirt":42,"minecraft:crafting_table":5,"minecraft:blast_furnace":1,"minecraft:spruce_log":73,"minecraft:stripped_spruce_log":1,"minecraft:acacia_stairs":1,"minecraft:dark_oak_log":6,"minecraft:bread":22,"minecraft:iron_axe":217,"minecraft:melon_slice":13,"minecraft:iron_pickaxe":100,"carryon:entity_item":1,"tombstone:grave_key":11,"minecraft:stone_axe":108,"minecraft:cobblestone":13,"minecraft:trapped_chest":1,"tombstone:gift":4,"alexsmobs:animal_dictionary":2,"quark:pink_blossom_sapling":4,"minecraft:acacia_planks":2},"minecraft:dropped":{"minecraft:enchanted_book":1,"minecraft:bread":4,"quark:root_item":1,"minecraft:wheat_seeds":24,"undead:blackpetal":2,"dynamictrees:spruce_seed":44,"minecraft:azure_bluet":1,"minecraft:acacia_stairs":1,"minecraft:item_frame":1,"xlfoodmod:strawberry_seeds":1,"minecraft:flower_pot":1,"minecraft:bone":3},"minecraft:picked_up":{"minecraft:birch_log":6,"minecraft:crafting_table":2,"minecraft:wheat":41,"minecraft:feather":2,"minecraft:azure_bluet":1,"minecraft:chicken":2,"minecraft:clay_ball":24,"minecraft:flower_pot":1,"minecraft:salmon":1,"dynamictrees:spruce_seed":44,"minecraft:enchanted_book":1,"xlfoodmod:pineapple_seeds":1,"minecraft:paper":5,"minecraft:dirt":84,"xlfoodmod:strawberry_seeds":1,"born_in_chaos_v1:monster_skin":1,"minecraft:item_frame":2,"minecraft:bone":6,"minecraft:acacia_planks":3,"minecraft:wheat_seeds":111,"dynamictrees:birch_seed":2,"minecraft:iron_ore":52,"dynamictrees:oak_seed":3,"minecraft:poppy":1,"quark:root_item":3,"minecraft:melon_slice":18,"minecraft:sugar_cane":25,"minecraft:egg":2,"minecraft:stick":165,"xlfoodmod:rice":1,"tconstruct:copper_ore":8,"quark:pink_blossom_sapling":4,"chisel:marble/raw":18,"minecraft:torch":1,"minecraft:acacia_log":11,"dynamictrees:acacia_seed":5,"epicfight:skillbook":1,"undead:blackpetal":12,"minecraft:melon":3,"minecraft:stripped_spruce_log":3,"minecraft:blast_furnace":1,"minecraft:spruce_log":257,"minecraft:acacia_stairs":2,"minecraft:dark_oak_log":65,"quark:ancient_tome":1,"minecraft:rotten_flesh":38,"minecraft:hay_block":4,"minecraft:emerald":23,"tombstone:magic_scroll":1,"minecraft:melon_seeds":3,"quark:marble":14,"minecraft:coal":33,"minecraft:cobblestone":126},"minecraft:crafted":{"minecraft:oak_planks":4,"minecraft:crafting_table":3,"minecraft:spruce_planks":8,"minecraft:cooked_chicken":2,"minecraft:wooden_pickaxe":1,"minecraft:iron_sword":1,"minecraft:stone_axe":1,"minecraft:bread":25,"minecraft:iron_axe":2,"minecraft:stick":12,"minecraft:iron_ingot":52,"minecraft:iron_pickaxe":1,"minecraft:stone_pickaxe":2,"minecraft:stone_sword":1,"minecraft:iron_shovel":1,"minecraft:acacia_planks":8,"minecraft:dark_oak_planks":20,"minecraft:wheat":36},"minecraft:killed":{"undead:thewolf":1,"minecraft:salmon":1,"born_in_chaos_v1:dread_hound":1,"minecraft:chicken":1,"undead:themoonflower":11,"undead:the_screecher":8},"minecraft:custom":{"minecraft:interact_with_furnace":46,"minecraft:mob_kills":26,"minecraft:interact_with_crafting_table":25,"minecraft:play_one_minute":141494,"minecraft:bell_ring":4,"minecraft:damage_dealt_resisted":30,"minecraft:eat_cake_slice":10,"minecraft:leave_game":1,"minecraft:time_since_death":2440,"minecraft:sleep_in_bed":1,"minecraft:climb_one_cm":2310,"minecraft:time_since_rest":1700,"minecraft:waystone_activated":2,"minecraft:sprint_one_cm":594099,"minecraft:damage_taken":3785,"minecraft:walk_one_cm":378544,"minecraft:trigger_trapped_chest":1,"minecraft:drop":41,"minecraft:damage_dealt":6754,"minecraft:swim_one_cm":9172,"minecraft:fly_one_cm":365822,"minecraft:open_chest":44,"minecraft:crouch_one_cm":4579,"tombstone:undead_killed":20,"minecraft:deaths":10,"minecraft:sneak_time":1747,"minecraft:walk_under_water_one_cm":1347,"minecraft:jump":1892,"minecraft:interact_with_blast_furnace":8,"minecraft:walk_on_water_one_cm":8453,"minecraft:fall_one_cm":34973},"minecraft:killed_by":{"born_in_chaos_v1:restless_spirit":1,"undead:the_screecher":1,"artifacts:mimic":1,"undead:themoonflower":7},"minecraft:mined":{"tconstruct:copper_ore":8,"quark:orange_blossom_leaves":12,"minecraft:dark_oak_leaves":7,"minecraft:melon_stem":1,"minecraft:dark_oak_log":72,"minecraft:clay":6,"minecraft:crafting_table":2,"minecraft:torch":1,"minecraft:emerald_ore":23,"minecraft:grass_block":31,"minecraft:poppy":1,"minecraft:melon":4,"minecraft:tall_grass":9,"minecraft:cobblestone":3,"minecraft:sugar_cane":16,"minecraft:hay_block":4,"quark:pink_blossom_leaves":57,"minecraft:iron_ore":50,"minecraft:wheat":40,"quark:marble":14,"minecraft:spruce_log":62,"minecraft:acacia_stairs":2,"minecraft:stripped_spruce_log":3,"chisel:marble/raw":18,"dynamictrees:spruce_leaves":7,"minecraft:grass":18,"minecraft:coal_ore":34,"minecraft:vine":3,"minecraft:dirt":55,"minecraft:acacia_planks":3,"minecraft:stone":110,"quark:root":1},"minecraft:broken":{"minecraft:stone_pickaxe":1,"minecraft:iron_axe":1,"minecraft:stone_axe":1}},"DataVersion":2586}