{"stats":{"minecraft:used":{"minecraft:wheat_seeds":9,"minecraft:stone_sword":70,"minecraft:melon":3,"minecraft:stone_pickaxe":131,"minecraft:wooden_pickaxe":59,"minecraft:iron_sword":65,"minecraft:dirt":11,"minecraft:crafting_table":5,"minecraft:blast_furnace":1,"minecraft:spruce_log":63,"minecraft:stripped_spruce_log":1,"minecraft:dark_oak_log":6,"minecraft:bread":22,"minecraft:iron_axe":168,"minecraft:melon_slice":13,"minecraft:iron_pickaxe":100,"carryon:entity_item":1,"tombstone:grave_key":6,"minecraft:stone_axe":108,"minecraft:cobblestone":13,"minecraft:trapped_chest":1,"tombstone:gift":4,"alexsmobs:animal_dictionary":2,"minecraft:acacia_planks":1},"minecraft:dropped":{"minecraft:enchanted_book":1,"minecraft:bread":4,"quark:root_item":1,"minecraft:wheat_seeds":24,"undead:blackpetal":2,"dynamictrees:spruce_seed":44,"minecraft:azure_bluet":1,"minecraft:acacia_stairs":1,"minecraft:item_frame":1,"xlfoodmod:strawberry_seeds":1,"minecraft:flower_pot":1,"minecraft:bone":3},"minecraft:picked_up":{"minecraft:birch_log":6,"minecraft:crafting_table":2,"minecraft:wheat":41,"minecraft:feather":2,"minecraft:azure_bluet":1,"minecraft:chicken":2,"minecraft:clay_ball":24,"minecraft:flower_pot":1,"dynamictrees:spruce_seed":44,"minecraft:enchanted_book":1,"minecraft:paper":5,"minecraft:dirt":27,"xlfoodmod:strawberry_seeds":1,"born_in_chaos_v1:monster_skin":1,"minecraft:item_frame":2,"minecraft:bone":5,"minecraft:acacia_planks":2,"minecraft:wheat_seeds":109,"dynamictrees:birch_seed":2,"minecraft:iron_ore":52,"dynamictrees:oak_seed":3,"minecraft:poppy":1,"quark:root_item":3,"minecraft:melon_slice":18,"minecraft:sugar_cane":25,"minecraft:egg":2,"minecraft:stick":165,"xlfoodmod:rice":1,"tconstruct:copper_ore":8,"quark:pink_blossom_sapling":4,"chisel:marble/raw":18,"minecraft:torch":1,"minecraft:acacia_log":11,"dynamictrees:acacia_seed":5,"epicfight:skillbook":1,"undead:blackpetal":12,"minecraft:melon":3,"minecraft:stripped_spruce_log":2,"minecraft:blast_furnace":1,"minecraft:spruce_log":242,"minecraft:acacia_stairs":1,"minecraft:dark_oak_log":65,"quark:ancient_tome":1,"minecraft:rotten_flesh":30,"minecraft:hay_block":4,"minecraft:emerald":23,"tombstone:magic_scroll":1,"minecraft:melon_seeds":3,"quark:marble":14,"minecraft:coal":33,"minecraft:cobblestone":126},"minecraft:crafted":{"minecraft:oak_planks":4,"minecraft:crafting_table":3,"minecraft:spruce_planks":8,"minecraft:cooked_chicken":2,"minecraft:wooden_pickaxe":1,"minecraft:iron_sword":1,"minecraft:stone_axe":1,"minecraft:bread":25,"minecraft:iron_axe":2,"minecraft:stick":12,"minecraft:iron_ingot":52,"minecraft:iron_pickaxe":1,"minecraft:stone_pickaxe":2,"minecraft:stone_sword":1,"minecraft:acacia_planks":8,"minecraft:dark_oak_planks":20,"minecraft:wheat":36},"minecraft:killed":{"undead:thewolf":1,"born_in_chaos_v1:dread_hound":1,"minecraft:chicken":1,"undead:themoonflower":10,"undead:the_screecher":6},"minecraft:custom":{"minecraft:interact_with_furnace":45,"minecraft:mob_kills":21,"minecraft:interact_with_crafting_table":23,"minecraft:play_one_minute":129494,"minecraft:bell_ring":4,"minecraft:damage_dealt_resisted":30,"minecraft:eat_cake_slice":10,"minecraft:leave_game":1,"minecraft:time_since_death":897,"minecraft:sleep_in_bed":1,"minecraft:climb_one_cm":2310,"minecraft:time_since_rest":440,"minecraft:waystone_activated":2,"minecraft:sprint_one_cm":532013,"minecraft:damage_taken":3445,"minecraft:walk_one_cm":342301,"minecraft:trigger_trapped_chest":1,"minecraft:drop":41,"minecraft:damage_dealt":6378,"minecraft:swim_one_cm":5504,"minecraft:fly_one_cm":324611,"minecraft:open_chest":40,"minecraft:crouch_one_cm":4379,"tombstone:undead_killed":17,"minecraft:deaths":9,"minecraft:sneak_time":1598,"minecraft:walk_under_water_one_cm":889,"minecraft:jump":1701,"minecraft:interact_with_blast_furnace":7,"minecraft:walk_on_water_one_cm":6571,"minecraft:fall_one_cm":31930},"minecraft:killed_by":{"born_in_chaos_v1:restless_spirit":1,"undead:the_screecher":1,"artifacts:mimic":1,"undead:themoonflower":6},"minecraft:mined":{"tconstruct:copper_ore":8,"quark:orange_blossom_leaves":12,"minecraft:dark_oak_leaves":7,"minecraft:melon_stem":1,"minecraft:dark_oak_log":72,"minecraft:clay":6,"minecraft:crafting_table":2,"minecraft:torch":1,"minecraft:emerald_ore":23,"minecraft:grass_block":3,"minecraft:poppy":1,"minecraft:melon":4,"minecraft:tall_grass":6,"minecraft:cobblestone":3,"minecraft:sugar_cane":16,"minecraft:hay_block":4,"quark:pink_blossom_leaves":57,"minecraft:iron_ore":50,"minecraft:wheat":40,"quark:marble":14,"minecraft:spruce_log":48,"minecraft:acacia_stairs":1,"minecraft:stripped_spruce_log":2,"chisel:marble/raw":18,"dynamictrees:spruce_leaves":7,"minecraft:grass":7,"minecraft:coal_ore":34,"minecraft:vine":3,"minecraft:dirt":24,"minecraft:acacia_planks":2,"minecraft:stone":110,"quark:root":1},"minecraft:broken":{"minecraft:stone_pickaxe":1,"minecraft:iron_axe":1,"minecraft:stone_axe":1}},"DataVersion":2586}