{"stats":{"minecraft:used":{"minecraft:stone_sword":7,"minecraft:iron_shovel":132,"minecraft:shield":29,"minecraft:iron_sword":117,"minecraft:stone_hoe":94,"minecraft:oak_door":2,"minecraft:dirt":150,"minecraft:anvil":1,"mcwroofs:stone_roof":1,"minecraft:iron_axe":10,"minecraft:item_frame":1,"minecraft:bow":40,"minecraft:golden_carrot":5,"minecraft:written_book":2,"minecraft:cooked_cod":7,"minecraft:furnace":1,"tombstone:gift":4,"minecraft:potato":8,"minecraft:cooked_beef":4,"minecraft:wheat_seeds":11,"minecraft:water_bucket":6,"epicfight:skillbook":3,"graveyard:light_gray_urn":1,"minecraft:stone_pickaxe":39,"minecraft:wooden_pickaxe":10,"minecraft:stonecutter":1,"xlfoodmod:strawberry_seeds":1,"minecraft:crafting_table":4,"quark:acacia_chest":1,"minecraft:bread":16,"minecraft:iron_pickaxe":379,"minecraft:map":1,"tombstone:magic_scroll":5,"dynamictrees:acacia_seed":2,"tombstone:grave_key":11,"minecraft:stone_axe":5,"minecraft:fishing_rod":29,"minecraft:diamond_sword":68,"minecraft:cobblestone":41,"minecraft:bucket":7,"minecraft:yellow_bed":3,"minecraft:experience_bottle":1},"minecraft:dropped":{"minecraft:wheat_seeds":372,"graveyard:tg_rooted_dirt":1,"minecraft:iron_helmet":4,"minecraft:lantern":1,"mcwroofs:stone_roof":1,"minecraft:cracked_stone_bricks":1,"minecraft:dirt":4,"minecraft:mossy_cobblestone_slab":1,"tombstone:grave_dust":5,"minecraft:iron_leggings":2,"minecraft:iron_axe":1,"minecraft:wither_rose":8,"graveyard:tg_deepslate_brick_slab":5,"minecraft:iron_pickaxe":1,"dynamictrees:acacia_seed":7,"xlfoodmod:lettuce_seeds":1,"minecraft:stone_brick_slab":12,"minecraft:oak_door":1,"quark:tallow":2,"graveyard:tg_deepslate_brick_stairs":2,"minecraft:polished_andesite_slab":3,"minecraft:obsidian":2,"minecraft:rotten_flesh":6,"minecraft:iron_boots":2,"minecraft:pink_carpet":1,"minecraft:mossy_stone_brick_slab":3,"undead:blackpetal":1,"minecraft:cooked_mutton":1,"minecraft:filled_map":1,"minecraft:diamond_sword":3,"minecraft:cobblestone_slab":5,"minecraft:shield":1,"minecraft:gunpowder":5,"minecraft:iron_chestplate":3,"minecraft:charcoal":2,"graveyard:tg_cobbled_deepslate_slab":1,"tombstone:essence_of_undeath":2,"minecraft:iron_ore":3,"graveyard:light_gray_urn":1,"botania:lime_mystical_flower":1,"minecraft:written_book":2,"xlfoodmod:onion":1,"xlfoodmod:flesh":1,"epicfight:skillbook":1},"minecraft:picked_up":{"minecraft:charcoal":2,"minecraft:wheat":53,"minecraft:anvil":1,"minecraft:diamond_sword":3,"graveyard:light_gray_urn":2,"minecraft:wither_rose":5,"minecraft:gold_block":3,"minecraft:string":37,"xlfoodmod:strawberry_seeds":1,"minecraft:iron_axe":1,"minecraft:iron_leggings":1,"minecraft:item_frame":1,"minecraft:pufferfish":2,"minecraft:experience_bottle":1,"xlfoodmod:onion":1,"minecraft:cracked_stone_bricks":2,"minecraft:bucket":1,"minecraft:written_book":2,"minecraft:cobblestone_slab":6,"dynamictrees:oak_seed":6,"minecraft:iron_pickaxe":1,"minecraft:stick":48,"minecraft:torch":4,"minecraft:acacia_log":16,"minecraft:pink_carpet":1,"epicfight:skillbook":2,"minecraft:porkchop":3,"undead:blackpetal":1,"tombstone:grave_dust":8,"minecraft:brown_carpet":1,"botania:lime_mystical_flower":1,"graveyard:tg_cobbled_deepslate_slab":5,"minecraft:arrow":4,"minecraft:rotten_flesh":49,"tombstone:essence_of_undeath":2,"minecraft:gold_ingot":2,"minecraft:cod":13,"minecraft:obsidian":1,"graveyard:tg_rooted_dirt":2,"minecraft:cobblestone":107,"minecraft:mossy_cobblestone_slab":3,"minecraft:water_bucket":1,"minecraft:salmon":7,"minecraft:leather":2,"minecraft:potato":4,"graveyard:tg_chiseled_deepslate":1,"mcwroofs:stone_roof":1,"xlfoodmod:lettuce_seeds":1,"minecraft:oak_log":23,"minecraft:yellow_bed":3,"minecraft:map":1,"minecraft:dirt":154,"minecraft:lantern":1,"minecraft:cooked_mutton":1,"minecraft:bone":35,"minecraft:acacia_planks":56,"minecraft:stone_bricks":3,"minecraft:wheat_seeds":384,"minecraft:iron_ore":71,"quark:tallow":2,"minecraft:cobweb":7,"minecraft:polished_andesite_slab":4,"minecraft:stone_hoe":1,"minecraft:oak_planks":60,"tconstruct:copper_ore":13,"minecraft:stone_brick_slab":12,"chisel:marble/raw":1,"graveyard:tg_deepslate_brick_stairs":2,"dynamictrees:acacia_seed":9,"minecraft:blast_furnace":1,"minecraft:mossy_stone_brick_slab":3,"minecraft:soul_lantern":1,"minecraft:iron_helmet":1,"graveyard:tg_deepslate_brick_slab":6,"alexsmobs:tarantula_hawk_wing_fragment":1,"minecraft:bread":4,"tombstone:magic_scroll":2,"minecraft:coal":62,"minecraft:andesite_slab":1,"minecraft:ender_pearl":1},"minecraft:crafted":{"minecraft:oak_door":3,"minecraft:oak_planks":64,"minecraft:fishing_rod":1,"mcwroofs:stone_roof":1,"xlfoodmod:flesh":1,"minecraft:furnace":1,"minecraft:stone":11,"minecraft:diamond":1,"quark:acacia_chest":2,"minecraft:bow":1,"minecraft:iron_boots":1,"minecraft:iron_axe":1,"minecraft:stone_pickaxe":1,"minecraft:stone_hoe":1,"minecraft:cooked_cod":10,"minecraft:diamond_sword":1,"sophisticatedbackpacks:backpack":1,"minecraft:crafting_table":4,"minecraft:wooden_pickaxe":1,"minecraft:iron_helmet":1,"minecraft:iron_sword":1,"minecraft:cooked_salmon":19,"minecraft:stone_axe":1,"minecraft:air":0,"minecraft:iron_chestplate":1,"minecraft:shield":1,"minecraft:iron_ingot":71,"minecraft:iron_pickaxe":2,"minecraft:stone_sword":1,"minecraft:iron_shovel":1,"minecraft:iron_leggings":1,"minecraft:stonecutter":1,"minecraft:acacia_planks":44},"minecraft:killed":{"alexsmobs:tarantula_hawk":1,"born_in_chaos_v1:restless_spirit":1,"tconstruct:sky_slime":4,"minecraft:skeleton":3,"undead:themoonflower":21,"born_in_chaos_v1:fallen_chaos_knight":1,"minecraft:pig":1,"born_in_chaos_v1:wither_strider":2,"born_in_chaos_v1:decrepit_skeleton":1,"born_in_chaos_v1:zombieswith_door":1,"minecraft:zombie":2,"born_in_chaos_v1:dread_hound":1,"born_in_chaos_v1:zombiesina_barrel":2,"undead:the_screecher":7,"minecraft:enderman":1},"minecraft:custom":{"minecraft:mob_kills":54,"minecraft:interact_with_anvil":14,"minecraft:interact_with_crafting_table":47,"minecraft:open_barrel":3,"minecraft:damage_dealt_resisted":1123,"minecraft:leave_game":1,"minecraft:time_since_death":35950,"minecraft:climb_one_cm":28,"minecraft:sprint_one_cm":490844,"minecraft:walk_one_cm":440479,"minecraft:damage_blocked_by_shield":1630,"minecraft:drop":92,"minecraft:deaths":3,"minecraft:sneak_time":3495,"minecraft:walk_under_water_one_cm":1251,"minecraft:jump":1701,"minecraft:interact_with_blast_furnace":1,"minecraft:walk_on_water_one_cm":8397,"minecraft:interact_with_furnace":61,"minecraft:interact_with_cartography_table":1,"minecraft:play_one_minute":141646,"minecraft:interact_with_stonecutter":4,"minecraft:sleep_in_bed":4,"minecraft:time_since_rest":10490,"minecraft:damage_taken":2135,"minecraft:trigger_trapped_chest":1,"tombstone:cast_on_ally":1,"minecraft:damage_dealt":7133,"minecraft:swim_one_cm":31876,"minecraft:fly_one_cm":403216,"minecraft:open_chest":154,"minecraft:crouch_one_cm":3541,"tombstone:undead_killed":38,"minecraft:fish_caught":21,"minecraft:fall_one_cm":34109},"minecraft:killed_by":{"born_in_chaos_v1:fallen_chaos_knight":1,"minecraft:skeleton":1,"born_in_chaos_v1:dread_hound":1},"minecraft:mined":{"minecraft:pink_carpet":1,"minecraft:mossy_cobblestone":2,"minecraft:mossy_stone_brick_slab":4,"botania:red_mystical_flower":1,"minecraft:grass_block":132,"minecraft:polished_andesite_slab":4,"minecraft:spruce_leaves":7,"minecraft:spawner":6,"minecraft:large_fern":2,"minecraft:mossy_cobblestone_slab":4,"minecraft:iron_ore":75,"minecraft:stripped_spruce_log":1,"chisel:marble/raw":1,"minecraft:anvil":1,"minecraft:gold_block":3,"mcwroofs:stone_roof":1,"minecraft:cobblestone_slab":5,"minecraft:iron_bars":2,"graveyard:tg_cobbled_deepslate_slab":16,"minecraft:stone":82,"tconstruct:copper_ore":13,"botania:lime_mystical_flower":2,"graveyard:light_gray_urn":2,"minecraft:glass_pane":2,"graveyard:tg_chiseled_deepslate":2,"minecraft:brown_carpet":1,"minecraft:stone_brick_slab":21,"graveyard:tg_deepslate_brick_stairs":5,"graveyard:tg_rooted_dirt":3,"minecraft:blast_furnace":1,"minecraft:oak_wood":1,"minecraft:andesite_slab":3,"minecraft:campfire":1,"graveyard:tg_cobbled_deepslate":1,"minecraft:tall_grass":3,"minecraft:cobblestone":27,"graveyard:lying_skeleton":1,"minecraft:coarse_dirt":1,"graveyard:skull_with_rib_cage":1,"minecraft:wheat":11,"graveyard:tg_deepslate_brick_slab":14,"graveyard:tg_deepslate_bricks":1,"minecraft:yellow_bed":3,"graveyard:skull_pile":1,"minecraft:wither_rose":1,"minecraft:grass":63,"botania:white_mystical_flower":1,"minecraft:coal_ore":62,"minecraft:gravel":6,"minecraft:dirt":16,"minecraft:cobweb":32,"minecraft:cracked_stone_bricks":3,"minecraft:acacia_planks":1,"minecraft:stone_bricks":5,"minecraft:polished_andesite":5,"graveyard:tg_cobbled_deepslate_stairs":3,"minecraft:fern":13},"minecraft:broken":{"minecraft:iron_pickaxe":1}},"DataVersion":2586}