{"stats":{"minecraft:used":{"minecraft:wheat_seeds":11,"minecraft:stone_sword":4,"minecraft:bread":5,"minecraft:stone_pickaxe":39,"minecraft:iron_pickaxe":98,"minecraft:map":1,"minecraft:wooden_pickaxe":10,"dynamictrees:acacia_seed":2,"minecraft:item_frame":1,"minecraft:cobblestone":10,"minecraft:crafting_table":2,"minecraft:furnace":1},"minecraft:dropped":{"dynamictrees:acacia_seed":3},"minecraft:picked_up":{"minecraft:charcoal":2,"minecraft:stick":18,"minecraft:wheat":53,"tconstruct:copper_ore":13,"minecraft:leather":1,"chisel:marble/raw":1,"minecraft:acacia_log":11,"minecraft:potato":4,"dynamictrees:acacia_seed":5,"tombstone:grave_dust":1,"minecraft:map":1,"minecraft:cooked_mutton":1,"minecraft:item_frame":1,"minecraft:bone":4,"minecraft:stone_bricks":1,"minecraft:cracked_stone_bricks":1,"minecraft:wheat_seeds":109,"minecraft:iron_ore":49,"minecraft:bread":4,"minecraft:gold_ingot":2,"minecraft:coal":40,"minecraft:cobblestone":40},"minecraft:crafted":{"minecraft:shield":1,"minecraft:crafting_table":2,"minecraft:iron_ingot":4,"minecraft:wooden_pickaxe":1,"minecraft:iron_pickaxe":1,"minecraft:stone_pickaxe":1,"minecraft:stone_sword":1,"minecraft:furnace":1,"minecraft:acacia_planks":44,"minecraft:stone_axe":1,"minecraft:air":0},"minecraft:killed":{"minecraft:skeleton":1},"minecraft:custom":{"minecraft:time_since_rest":21176,"minecraft:interact_with_furnace":10,"minecraft:sprint_one_cm":70388,"minecraft:damage_taken":270,"minecraft:walk_one_cm":86653,"minecraft:mob_kills":3,"minecraft:drop":3,"minecraft:damage_dealt":266,"minecraft:interact_with_cartography_table":1,"minecraft:interact_with_crafting_table":8,"minecraft:fly_one_cm":42019,"minecraft:open_chest":8,"minecraft:play_one_minute":21176,"minecraft:crouch_one_cm":840,"tombstone:undead_killed":1,"minecraft:sneak_time":969,"minecraft:jump":209,"minecraft:time_since_death":21176,"minecraft:fall_one_cm":3296},"minecraft:mined":{"tconstruct:copper_ore":13,"minecraft:iron_ore":51,"minecraft:wheat":11,"chisel:marble/raw":1,"minecraft:coal_ore":40,"minecraft:campfire":1,"minecraft:cracked_stone_bricks":1,"minecraft:stone_bricks":1,"minecraft:stone":40}},"DataVersion":2586}