{"stats":{"minecraft:killed":{"minecraft:cave_spider":1,"born_in_chaos_v1:restless_spirit":4,"minecraft:spider":5,"tconstruct:sky_slime":4,"undead:theheavy":1,"minecraft:skeleton":16,"minecraft:chicken":1,"undead:spitter":4,"minecraft:pig":1,"undead:thesnatcher":2,"minecraft:creeper":1,"minecraft:zombie":8,"born_in_chaos_v1:dread_hound":4,"born_in_chaos_v1:zombiesina_barrel":2,"alexsmobs:fly":1,"born_in_chaos_v1:zombieswith_door_n":1,"alexsmobs:tarantula_hawk":1,"undead:themoonflower":39,"born_in_chaos_v1:fallen_chaos_knight":1,"minecraft:husk":3,"born_in_chaos_v1:wither_strider":2,"born_in_chaos_v1:skeleton_bomb":1,"born_in_chaos_v1:decrepit_skeleton":3,"born_in_chaos_v1:zombieswith_door":2,"born_in_chaos_v1:baby_skkl":2,"undead:the_screecher":16,"minecraft:enderman":1},"minecraft:crafted":{"minecraft:oak_planks":92,"mcwroofs:stone_roof":1,"xlfoodmod:flesh":1,"minecraft:stone":675,"minecraft:glass":154,"minecraft:dark_oak_door":6,"minecraft:stone_brick_slab":54,"minecraft:iron_boots":1,"minecraft:bow":1,"minecraft:stripped_dark_oak_wood":3,"minecraft:stone_hoe":1,"minecraft:stone_bricks":668,"chisel:diamond_chisel":1,"sophisticatedbackpacks:backpack":2,"minecraft:crafting_table":6,"minecraft:iron_helmet":1,"minecraft:wooden_pickaxe":1,"minecraft:baked_potato":57,"minecraft:stone_brick_stairs":21,"minecraft:dark_oak_slab":532,"minecraft:iron_chestplate":1,"minecraft:shield":1,"minecraft:stick":52,"quark:oak_chest":3,"minecraft:iron_ingot":71,"minecraft:iron_pickaxe":5,"minecraft:stone_sword":1,"minecraft:shears":1,"minecraft:oak_door":3,"minecraft:fishing_rod":1,"minecraft:stone_brick_wall":120,"minecraft:furnace":5,"botania:blue_petal":2,"minecraft:glass_pane":208,"botania:black_petal":2,"quark:dark_oak_chest":6,"minecraft:diamond":1,"quark:acacia_chest":2,"minecraft:dark_oak_fence":30,"minecraft:iron_axe":5,"minecraft:stone_pickaxe":1,"minecraft:dark_oak_planks":1460,"minecraft:red_dye":2,"minecraft:cooked_cod":10,"minecraft:diamond_sword":1,"minecraft:dark_oak_stairs":380,"minecraft:iron_sword":1,"minecraft:cooked_salmon":19,"minecraft:dark_oak_button":2,"minecraft:stone_axe":1,"minecraft:air":0,"botania:magenta_petal":2,"minecraft:iron_shovel":2,"minecraft:iron_leggings":1,"minecraft:stonecutter":1,"minecraft:white_bed":2,"minecraft:acacia_planks":44,"minecraft:torch":32},"minecraft:picked_up":{"minecraft:wheat":53,"chisel:planks/dark_oak/vertical_planks":1,"minecraft:anvil":1,"minecraft:diamond_sword":3,"graveyard:light_gray_urn":2,"minecraft:wither_rose":5,"minecraft:stone_brick_stairs":16,"minecraft:string":56,"xlfoodmod:strawberry_seeds":2,"quark:cobbled_deepslate_slab":2,"minecraft:iron_leggings":1,"minecraft:pufferfish":2,"minecraft:experience_bottle":1,"xlfoodmod:onion":1,"minecraft:bucket":1,"minecraft:written_book":2,"minecraft:cobblestone_slab":6,"dynamictrees:oak_seed":6,"minecraft:iron_pickaxe":1,"minecraft:dark_oak_door":4,"minecraft:furnace":1,"minecraft:stick":56,"minecraft:torch":39,"minecraft:acacia_log":16,"minecraft:pink_carpet":1,"epicfight:skillbook":3,"minecraft:sandstone_wall":1,"minecraft:porkchop":3,"quark:pink_blossom_sapling":5,"undead:blackpetal":6,"tombstone:grave_dust":15,"chisel:planks/dark_oak/crude_vertical_planks":1,"minecraft:brown_carpet":6,"graveyard:tg_cobbled_deepslate_slab":17,"minecraft:cactus":6,"minecraft:rotten_flesh":126,"alexsmobs:emu_egg":5,"minecraft:obsidian":2,"minecraft:cod":13,"minecraft:cobblestone":769,"minecraft:mossy_cobblestone_slab":5,"minecraft:water_bucket":1,"minecraft:potato":132,"minecraft:smooth_sandstone_stairs":1,"minecraft:wither_skeleton_skull":1,"minecraft:map":1,"minecraft:dirt":222,"minecraft:lantern":1,"born_in_chaos_v1:monster_skin":2,"minecraft:bone":52,"minecraft:acacia_planks":56,"minecraft:wheat_seeds":425,"minecraft:stone_hoe":2,"minecraft:oak_planks":60,"xlfoodmod:rice":1,"minecraft:poisonous_potato":4,"minecraft:sand":250,"dynamictrees:acacia_seed":9,"minecraft:dark_oak_log":573,"quark:cobbled_deepslate":4,"minecraft:soul_lantern":18,"alexsmobs:tarantula_hawk_wing_fragment":1,"minecraft:bread":4,"minecraft:dark_oak_fence":3,"minecraft:oak_leaves":108,"minecraft:andesite_slab":3,"minecraft:crimson_roots":1,"minecraft:charcoal":2,"minecraft:crafting_table":1,"minecraft:ladder":12,"minecraft:stone_brick_wall":11,"minecraft:gold_block":4,"minecraft:chain":3,"graveyard:tg_deepslate_bricks":1,"minecraft:iron_axe":2,"chisel:planks/dark_oak/crude_horizontal_planks":3,"minecraft:quartz_slab":1,"minecraft:item_frame":1,"botania:magenta_mystical_flower":5,"minecraft:cracked_stone_bricks":2,"minecraft:poppy":2,"minecraft:phantom_membrane":3,"minecraft:dark_oak_sapling":25,"minecraft:stone":2,"minecraft:oak_door":3,"xlfoodmod:raw_corn":1,"minecraft:dark_oak_planks":22,"minecraft:arrow":13,"botania:lime_mystical_flower":1,"botania:blue_mystical_flower":1,"minecraft:totem_of_undying":1,"tombstone:essence_of_undeath":2,"minecraft:gold_ingot":2,"graveyard:tg_rooted_dirt":2,"minecraft:white_wool":42,"minecraft:salmon":7,"minecraft:cut_sandstone":1,"minecraft:leather":4,"mcwroofs:stone_roof":1,"graveyard:tg_chiseled_deepslate":1,"xlfoodmod:lettuce_seeds":1,"minecraft:oak_log":23,"minecraft:golden_boots":2,"minecraft:yellow_bed":9,"minecraft:gunpowder":2,"tombstone:gift":3,"botania:black_mystical_flower":1,"minecraft:cooked_mutton":1,"minecraft:stone_bricks":90,"minecraft:cobweb":9,"minecraft:cooked_chicken":1,"minecraft:stone_pickaxe":1,"minecraft:iron_ingot":1,"quark:tallow":2,"minecraft:iron_ore":71,"tombstone:bag_of_seeds":1,"chisel:planks/dark_oak/large_planks":32,"minecraft:gray_bed":1,"minecraft:polished_andesite_slab":5,"minecraft:dark_oak_stairs":85,"xlfoodmod:strawberry":5,"minecraft:dark_oak_slab":305,"tconstruct:copper_ore":13,"minecraft:stone_brick_slab":15,"chisel:marble/raw":1,"graveyard:tg_deepslate_brick_stairs":6,"minecraft:blast_furnace":1,"minecraft:white_bed":3,"minecraft:spruce_log":4,"minecraft:mossy_stone_brick_slab":3,"minecraft:brick_slab":1,"graveyard:tg_polished_deepslate_slab":6,"minecraft:iron_helmet":3,"graveyard:tg_deepslate_brick_slab":8,"xlfoodmod:corn_seeds":5,"minecraft:baked_potato":24,"tombstone:magic_scroll":2,"minecraft:stripped_dark_oak_log":11,"minecraft:coal":108,"minecraft:ender_pearl":2},"minecraft:used":{"alexsmobs:emu_egg":5,"minecraft:iron_shovel":414,"minecraft:ladder":12,"minecraft:shield":29,"minecraft:iron_sword":117,"minecraft:stone":1,"minecraft:lava_bucket":2,"minecraft:stripped_dark_oak_wood":3,"minecraft:lantern":2,"minecraft:dark_oak_slab":680,"minecraft:dark_oak_button":2,"minecraft:stone_brick_stairs":31,"minecraft:stone_bricks":563,"minecraft:item_frame":1,"minecraft:bow":95,"minecraft:written_book":2,"minecraft:furnace":6,"minecraft:cooked_cod":10,"minecraft:potato":88,"quark:pink_blossom_sapling":5,"minecraft:dark_oak_sapling":5,"minecraft:dark_oak_stairs":446,"epicfight:skillbook":7,"minecraft:stone_pickaxe":104,"minecraft:wooden_pickaxe":10,"xlfoodmod:strawberry_seeds":1,"minecraft:oak_leaves":66,"minecraft:blast_furnace":1,"minecraft:stone_brick_wall":105,"minecraft:shears":112,"minecraft:dark_oak_log":88,"minecraft:bread":16,"dynamictrees:acacia_seed":2,"tombstone:grave_key":11,"minecraft:soul_lantern":2,"minecraft:diamond_sword":357,"minecraft:dark_oak_fence":30,"minecraft:chain":1,"minecraft:experience_bottle":1,"minecraft:stone_sword":7,"minecraft:cooked_salmon":19,"minecraft:cooked_chicken":1,"minecraft:stone_hoe":94,"minecraft:oak_door":5,"minecraft:torch":70,"minecraft:dirt":174,"minecraft:anvil":1,"minecraft:stone_brick_slab":56,"mcwroofs:stone_roof":1,"minecraft:dark_oak_planks":367,"minecraft:iron_axe":784,"chisel:planks/dark_oak/crude_vertical_planks":1,"minecraft:golden_carrot":22,"chisel:planks/dark_oak/large_planks":4,"tombstone:gift":4,"minecraft:cooked_beef":4,"xlfoodmod:strawberry":3,"minecraft:wheat_seeds":11,"minecraft:water_bucket":7,"graveyard:light_gray_urn":1,"minecraft:baked_potato":35,"minecraft:stonecutter":1,"minecraft:crafting_table":7,"quark:acacia_chest":1,"minecraft:white_bed":1,"minecraft:spruce_log":1,"minecraft:dark_oak_door":6,"minecraft:iron_pickaxe":1214,"minecraft:map":1,"tombstone:magic_scroll":5,"minecraft:stone_axe":5,"minecraft:fishing_rod":29,"quark:dark_oak_chest":6,"minecraft:cobblestone":45,"minecraft:pumpkin_pie":1,"minecraft:glass_pane":203,"minecraft:bucket":11,"minecraft:yellow_bed":8,"quark:oak_chest":2},"minecraft:dropped":{"minecraft:baked_potato":23,"graveyard:tg_rooted_dirt":1,"minecraft:ender_pearl":1,"minecraft:dark_oak_sapling":10,"minecraft:cookie":1,"minecraft:lantern":1,"minecraft:leather":2,"minecraft:cracked_stone_bricks":1,"botania:black_petal":2,"minecraft:dirt":6,"tombstone:bag_of_seeds":1,"minecraft:crimson_roots":1,"minecraft:cut_sandstone":1,"quark:cobbled_deepslate":4,"minecraft:chain":1,"minecraft:phantom_membrane":2,"graveyard:tg_deepslate_brick_slab":7,"minecraft:iron_pickaxe":1,"minecraft:white_wool":21,"minecraft:gold_ingot":5,"minecraft:bone":2,"minecraft:oak_door":2,"minecraft:dark_oak_door":3,"quark:tallow":2,"graveyard:tg_chiseled_deepslate":1,"minecraft:polished_andesite_slab":3,"minecraft:obsidian":2,"tombstone:gift":4,"minecraft:rotten_flesh":11,"minecraft:pink_carpet":1,"minecraft:mossy_stone_brick_slab":3,"undead:blackpetal":6,"minecraft:cooked_mutton":1,"minecraft:white_bed":1,"graveyard:tg_deepslate_bricks":1,"minecraft:gunpowder":5,"xlfoodmod:strawberry_seeds":1,"minecraft:charcoal":2,"minecraft:ladder":8,"graveyard:tg_cobbled_deepslate_slab":9,"minecraft:iron_ore":3,"graveyard:light_gray_urn":1,"minecraft:written_book":2,"xlfoodmod:corn_seeds":3,"minecraft:stone_hoe":1,"minecraft:golden_boots":1,"minecraft:wheat_seeds":414,"minecraft:poisonous_potato":4,"minecraft:iron_helmet":6,"mcwroofs:stone_roof":1,"minecraft:acacia_log":5,"xlfoodmod:raw_corn":1,"minecraft:coal":18,"minecraft:stick":2,"minecraft:pufferfish":2,"minecraft:cobweb":2,"minecraft:mossy_cobblestone_slab":2,"botania:magenta_petal":2,"tombstone:grave_dust":11,"minecraft:iron_leggings":2,"minecraft:wither_rose":8,"minecraft:iron_axe":2,"minecraft:cactus":6,"minecraft:string":14,"dynamictrees:acacia_seed":7,"xlfoodmod:lettuce_seeds":1,"minecraft:stone_brick_slab":13,"graveyard:tg_deepslate_brick_stairs":5,"quark:cobbled_deepslate_slab":2,"minecraft:iron_boots":2,"sophisticatedbackpacks:backpack":1,"minecraft:glass_pane":1,"minecraft:filled_map":1,"minecraft:diamond_sword":3,"minecraft:cobblestone_slab":5,"minecraft:stone":2,"minecraft:shield":1,"minecraft:iron_chestplate":3,"graveyard:tg_polished_deepslate_slab":2,"minecraft:brown_carpet":5,"tombstone:essence_of_undeath":2,"minecraft:stone_pickaxe":1,"botania:lime_mystical_flower":1,"xlfoodmod:strawberry":2,"botania:magenta_mystical_flower":4,"xlfoodmod:onion":1,"botania:blue_petal":2,"epicfight:skillbook":2,"xlfoodmod:flesh":1},"minecraft:killed_by":{"minecraft:vex":1,"dungeonsmod:deserted":2,"born_in_chaos_v1:fallen_chaos_knight":1,"minecraft:skeleton":2,"born_in_chaos_v1:dread_hound":1,"undead:themoonflower":3},"minecraft:broken":{"minecraft:iron_shovel":1,"minecraft:golden_boots":1,"minecraft:iron_axe":4,"minecraft:iron_pickaxe":4},"minecraft:custom":{"minecraft:interact_with_crafting_table":158,"minecraft:open_barrel":21,"minecraft:leave_game":3,"minecraft:time_since_death":11568,"minecraft:damage_resisted":124,"minecraft:sprint_one_cm":1734796,"minecraft:damage_blocked_by_shield":1630,"minecraft:drop":188,"minecraft:deaths":10,"minecraft:jump":5464,"minecraft:interact_with_brewingstand":1,"minecraft:walk_on_water_one_cm":17981,"minecraft:interact_with_furnace":261,"minecraft:interact_with_cartography_table":1,"minecraft:play_one_minute":487999,"minecraft:sleep_in_bed":22,"minecraft:damage_dealt":18851,"minecraft:crouch_one_cm":130736,"tombstone:undead_killed":101,"minecraft:interact_with_anvil":15,"minecraft:mob_kills":135,"minecraft:damage_dealt_resisted":1571,"minecraft:climb_one_cm":17105,"minecraft:walk_one_cm":1498397,"minecraft:sneak_time":36100,"minecraft:walk_under_water_one_cm":6110,"minecraft:interact_with_blast_furnace":12,"minecraft:interact_with_stonecutter":9,"minecraft:time_since_rest":7030,"minecraft:damage_taken":6937,"minecraft:trigger_trapped_chest":1,"tombstone:cast_on_ally":1,"minecraft:swim_one_cm":71647,"minecraft:fly_one_cm":1340436,"minecraft:open_chest":453,"minecraft:fish_caught":21,"minecraft:fall_one_cm":132954},"minecraft:mined":{"minecraft:dark_oak_planks":22,"minecraft:white_bed":1,"minecraft:mossy_stone_brick_slab":6,"botania:red_mystical_flower":1,"minecraft:grass_block":180,"minecraft:stone_brick_wall":12,"graveyard:tg_polished_deepslate_slab":8,"minecraft:spawner":16,"minecraft:mossy_cobblestone_slab":6,"minecraft:iron_ore":75,"minecraft:anvil":1,"minecraft:dark_oak_stairs":96,"minecraft:quartz_slab":1,"minecraft:iron_bars":2,"minecraft:smooth_sandstone_stairs":1,"graveyard:wither_skull_pile":1,"minecraft:cut_sandstone":1,"graveyard:light_gray_urn":2,"minecraft:soul_lantern":18,"minecraft:torch":9,"chisel:planks/dark_oak/vertical_planks":1,"minecraft:blast_furnace":1,"minecraft:poppy":2,"minecraft:cobblestone":39,"botania:blue_mystical_flower":1,"graveyard:lying_skeleton":1,"botania:black_mystical_flower":1,"minecraft:wall_torch":25,"chisel:planks/dark_oak/crude_horizontal_planks":3,"minecraft:chain":1,"minecraft:dark_oak_slab":298,"minecraft:wheat":11,"graveyard:tg_deepslate_brick_slab":14,"graveyard:skull_pile":1,"minecraft:wither_rose":1,"minecraft:stone_brick_stairs":19,"minecraft:grass":141,"minecraft:sand":252,"minecraft:dirt":44,"minecraft:sandstone_wall":1,"minecraft:wither_skeleton_skull":1,"minecraft:oak_leaves":10,"minecraft:yellow_terracotta":1,"minecraft:pink_carpet":1,"minecraft:mossy_cobblestone":2,"minecraft:dark_oak_leaves":12,"minecraft:oak_door":2,"minecraft:dark_oak_log":128,"quark:cobbled_deepslate":2,"minecraft:ladder":4,"minecraft:dark_oak_fence":3,"minecraft:crimson_roots":1,"minecraft:polished_andesite_slab":5,"minecraft:spruce_leaves":8,"minecraft:sandstone":2,"minecraft:large_fern":2,"dynamictrees:oak_leaves":110,"botania:magenta_mystical_flower":2,"minecraft:furnace":1,"quark:pink_blossom_leaves":63,"chisel:marble/raw":1,"minecraft:stripped_spruce_log":1,"minecraft:gold_block":5,"mcwroofs:stone_roof":1,"minecraft:cobblestone_slab":5,"graveyard:tg_cobbled_deepslate_slab":25,"minecraft:stone":732,"tconstruct:copper_ore":13,"chisel:planks/dark_oak/large_planks":33,"botania:lime_mystical_flower":2,"graveyard:tg_chiseled_deepslate":3,"minecraft:glass_pane":14,"minecraft:brown_carpet":7,"minecraft:stripped_dark_oak_log":12,"minecraft:stone_brick_slab":26,"minecraft:crafting_table":1,"graveyard:tg_deepslate_brick_stairs":5,"graveyard:tg_rooted_dirt":3,"minecraft:oak_wood":1,"minecraft:andesite_slab":6,"minecraft:campfire":1,"graveyard:tg_cobbled_deepslate":1,"minecraft:tall_grass":10,"chisel:planks/dark_oak/crude_vertical_planks":1,"minecraft:coarse_dirt":1,"minecraft:brick_slab":1,"graveyard:skull_with_rib_cage":1,"minecraft:gray_bed":1,"minecraft:spruce_log":4,"graveyard:tg_deepslate_bricks":1,"minecraft:yellow_bed":9,"botania:white_mystical_flower":1,"minecraft:coal_ore":90,"graveyard:leaning_skeleton":1,"minecraft:gravel":6,"minecraft:cobweb":53,"minecraft:cracked_stone_bricks":3,"minecraft:acacia_planks":1,"minecraft:polished_andesite":5,"minecraft:stone_bricks":97,"graveyard:tg_cobbled_deepslate_stairs":4,"minecraft:fern":14}},"DataVersion":2586}