{"stats":{"minecraft:used":{"minecraft:item_frame":1,"minecraft:wheat_seeds":11,"minecraft:bread":2,"minecraft:map":1,"dynamictrees:acacia_seed":2},"minecraft:dropped":{"dynamictrees:acacia_seed":3},"minecraft:picked_up":{"minecraft:stick":18,"minecraft:wheat":53,"minecraft:item_frame":1,"minecraft:bone":2,"minecraft:wheat_seeds":109,"minecraft:acacia_log":11,"dynamictrees:acacia_seed":5,"minecraft:gold_ingot":1,"minecraft:bread":4,"minecraft:map":1},"minecraft:crafted":{"minecraft:acacia_planks":44},"minecraft:custom":{"minecraft:time_since_rest":9176,"minecraft:open_chest":3,"minecraft:crouch_one_cm":443,"minecraft:play_one_minute":9176,"minecraft:sprint_one_cm":34681,"minecraft:damage_taken":140,"minecraft:walk_one_cm":41189,"minecraft:sneak_time":734,"minecraft:mob_kills":2,"minecraft:drop":3,"minecraft:jump":100,"minecraft:damage_dealt":66,"minecraft:time_since_death":9176,"minecraft:fall_one_cm":2193,"minecraft:fly_one_cm":23961},"minecraft:mined":{"minecraft:wheat":11}},"DataVersion":2586}