{"stats":{"minecraft:used":{"minecraft:wheat_seeds":11,"epicfight:skillbook":1,"minecraft:stone_sword":7,"minecraft:stone_pickaxe":39,"minecraft:wooden_pickaxe":10,"minecraft:shield":22,"minecraft:iron_sword":55,"minecraft:dirt":27,"minecraft:crafting_table":2,"quark:acacia_chest":1,"minecraft:bread":8,"minecraft:iron_axe":5,"minecraft:iron_pickaxe":224,"minecraft:map":1,"dynamictrees:acacia_seed":2,"tombstone:grave_key":11,"minecraft:item_frame":1,"minecraft:stone_axe":5,"minecraft:cobblestone":15,"minecraft:furnace":1,"tombstone:gift":2,"minecraft:cooked_beef":4,"minecraft:experience_bottle":1},"minecraft:dropped":{"quark:tallow":2,"minecraft:wheat_seeds":39,"minecraft:rotten_flesh":6,"minecraft:pink_carpet":1,"minecraft:cracked_stone_bricks":1,"minecraft:filled_map":1,"minecraft:shield":1,"dynamictrees:acacia_seed":3},"minecraft:picked_up":{"minecraft:charcoal":2,"minecraft:wheat":53,"minecraft:anvil":1,"minecraft:leather":1,"minecraft:potato":4,"minecraft:oak_log":23,"minecraft:yellow_bed":1,"minecraft:map":1,"minecraft:dirt":27,"minecraft:string":30,"minecraft:cooked_mutton":1,"minecraft:item_frame":1,"minecraft:experience_bottle":1,"minecraft:bone":6,"minecraft:acacia_planks":56,"minecraft:stone_bricks":1,"minecraft:cracked_stone_bricks":1,"minecraft:wheat_seeds":114,"minecraft:bucket":1,"quark:tallow":2,"minecraft:iron_ore":71,"dynamictrees:oak_seed":6,"minecraft:stick":39,"tconstruct:copper_ore":13,"minecraft:porkchop":3,"chisel:marble/raw":1,"minecraft:acacia_log":11,"minecraft:pink_carpet":1,"epicfight:skillbook":1,"dynamictrees:acacia_seed":5,"minecraft:blast_furnace":1,"tombstone:grave_dust":2,"minecraft:brown_carpet":1,"graveyard:tg_cobbled_deepslate_slab":1,"minecraft:rotten_flesh":6,"minecraft:soul_lantern":1,"minecraft:bread":4,"minecraft:gold_ingot":2,"minecraft:coal":62,"minecraft:cobblestone":82},"minecraft:crafted":{"sophisticatedbackpacks:backpack":1,"minecraft:crafting_table":2,"minecraft:wooden_pickaxe":1,"minecraft:iron_helmet":1,"minecraft:iron_sword":1,"minecraft:furnace":1,"minecraft:stone_axe":1,"minecraft:air":0,"quark:acacia_chest":2,"minecraft:iron_boots":1,"minecraft:iron_chestplate":1,"minecraft:shield":1,"minecraft:iron_axe":1,"minecraft:iron_ingot":71,"minecraft:iron_pickaxe":1,"minecraft:stone_pickaxe":1,"minecraft:stone_sword":1,"minecraft:iron_leggings":1,"minecraft:acacia_planks":44},"minecraft:killed":{"minecraft:pig":1,"minecraft:skeleton":1,"born_in_chaos_v1:dread_hound":1,"undead:themoonflower":2},"minecraft:custom":{"minecraft:interact_with_furnace":18,"minecraft:interact_with_anvil":1,"minecraft:mob_kills":8,"minecraft:interact_with_crafting_table":23,"minecraft:interact_with_cartography_table":1,"minecraft:play_one_minute":63646,"minecraft:leave_game":1,"minecraft:time_since_death":16778,"minecraft:sleep_in_bed":1,"minecraft:climb_one_cm":28,"minecraft:time_since_rest":9150,"minecraft:sprint_one_cm":235569,"minecraft:damage_taken":990,"minecraft:walk_one_cm":230464,"minecraft:damage_blocked_by_shield":1110,"minecraft:trigger_trapped_chest":1,"minecraft:drop":10,"minecraft:damage_dealt":1333,"minecraft:swim_one_cm":19883,"minecraft:fly_one_cm":181454,"minecraft:open_chest":32,"minecraft:crouch_one_cm":1609,"tombstone:undead_killed":3,"minecraft:deaths":2,"minecraft:sneak_time":1909,"minecraft:walk_under_water_one_cm":315,"minecraft:jump":873,"minecraft:interact_with_blast_furnace":1,"minecraft:walk_on_water_one_cm":3472,"minecraft:fall_one_cm":16424},"minecraft:killed_by":{"minecraft:skeleton":1,"born_in_chaos_v1:dread_hound":1},"minecraft:mined":{"tconstruct:copper_ore":13,"minecraft:pink_carpet":1,"graveyard:tg_chiseled_deepslate":1,"minecraft:glass_pane":2,"minecraft:brown_carpet":1,"minecraft:blast_furnace":1,"minecraft:grass_block":9,"minecraft:campfire":1,"minecraft:cobblestone":2,"minecraft:spruce_leaves":6,"minecraft:spawner":3,"minecraft:coarse_dirt":1,"minecraft:iron_ore":75,"minecraft:wheat":11,"graveyard:tg_deepslate_brick_slab":2,"chisel:marble/raw":1,"minecraft:anvil":1,"minecraft:yellow_bed":1,"minecraft:grass":6,"minecraft:coal_ore":62,"graveyard:tg_cobbled_deepslate_slab":1,"minecraft:gravel":6,"minecraft:dirt":11,"minecraft:cobweb":30,"minecraft:cracked_stone_bricks":1,"minecraft:acacia_planks":1,"minecraft:polished_andesite":5,"minecraft:stone_bricks":1,"minecraft:stone":82}},"DataVersion":2586}