{"stats":{"minecraft:used":{"minecraft:stone_sword":7,"minecraft:iron_shovel":161,"minecraft:stone":1,"minecraft:shield":29,"minecraft:iron_sword":117,"minecraft:cooked_salmon":8,"minecraft:stone_hoe":94,"minecraft:torch":10,"minecraft:oak_door":4,"minecraft:dirt":174,"minecraft:anvil":1,"minecraft:dark_oak_planks":212,"mcwroofs:stone_roof":1,"minecraft:lava_bucket":2,"minecraft:iron_axe":221,"minecraft:stone_brick_stairs":4,"minecraft:stone_bricks":53,"minecraft:item_frame":1,"minecraft:bow":52,"minecraft:golden_carrot":10,"minecraft:written_book":2,"minecraft:cooked_cod":10,"minecraft:furnace":6,"tombstone:gift":4,"minecraft:potato":20,"minecraft:cooked_beef":4,"quark:pink_blossom_sapling":5,"minecraft:wheat_seeds":11,"minecraft:water_bucket":7,"epicfight:skillbook":3,"graveyard:light_gray_urn":1,"minecraft:stone_pickaxe":91,"minecraft:wooden_pickaxe":10,"minecraft:stonecutter":1,"xlfoodmod:strawberry_seeds":1,"minecraft:crafting_table":4,"quark:acacia_chest":1,"minecraft:blast_furnace":1,"minecraft:stone_brick_wall":4,"minecraft:bread":16,"minecraft:iron_pickaxe":534,"minecraft:map":1,"tombstone:magic_scroll":5,"dynamictrees:acacia_seed":2,"tombstone:grave_key":11,"minecraft:stone_axe":5,"minecraft:fishing_rod":29,"minecraft:diamond_sword":195,"minecraft:cobblestone":45,"quark:oak_chest":2,"minecraft:bucket":11,"minecraft:yellow_bed":4,"minecraft:experience_bottle":1},"minecraft:dropped":{"minecraft:wheat_seeds":414,"graveyard:tg_rooted_dirt":1,"minecraft:dark_oak_sapling":10,"minecraft:iron_helmet":4,"minecraft:lantern":1,"mcwroofs:stone_roof":1,"minecraft:cracked_stone_bricks":1,"minecraft:acacia_log":5,"minecraft:pufferfish":2,"tombstone:bag_of_seeds":1,"minecraft:dirt":4,"minecraft:mossy_cobblestone_slab":1,"tombstone:grave_dust":9,"minecraft:iron_leggings":2,"minecraft:iron_axe":2,"minecraft:wither_rose":8,"graveyard:tg_deepslate_brick_slab":5,"minecraft:iron_pickaxe":1,"dynamictrees:acacia_seed":7,"xlfoodmod:lettuce_seeds":1,"minecraft:stone_brick_slab":12,"minecraft:oak_door":2,"graveyard:tg_chiseled_deepslate":1,"quark:tallow":2,"graveyard:tg_deepslate_brick_stairs":2,"minecraft:polished_andesite_slab":3,"quark:cobbled_deepslate_slab":2,"minecraft:obsidian":2,"minecraft:rotten_flesh":6,"minecraft:iron_boots":2,"minecraft:pink_carpet":1,"minecraft:mossy_stone_brick_slab":3,"undead:blackpetal":4,"minecraft:cooked_mutton":1,"minecraft:filled_map":1,"minecraft:diamond_sword":3,"minecraft:cobblestone_slab":5,"minecraft:stone":2,"minecraft:shield":1,"minecraft:gunpowder":5,"minecraft:iron_chestplate":3,"minecraft:charcoal":2,"graveyard:tg_cobbled_deepslate_slab":1,"tombstone:essence_of_undeath":2,"minecraft:iron_ore":3,"graveyard:light_gray_urn":1,"botania:lime_mystical_flower":1,"botania:magenta_mystical_flower":4,"minecraft:written_book":2,"xlfoodmod:onion":1,"xlfoodmod:flesh":1,"epicfight:skillbook":1},"minecraft:picked_up":{"minecraft:charcoal":2,"minecraft:wheat":53,"minecraft:anvil":1,"minecraft:diamond_sword":3,"graveyard:light_gray_urn":2,"minecraft:wither_rose":5,"minecraft:gold_block":3,"minecraft:stone_brick_stairs":1,"quark:cobbled_deepslate_slab":2,"minecraft:string":37,"xlfoodmod:strawberry_seeds":2,"minecraft:iron_axe":2,"minecraft:iron_leggings":1,"botania:magenta_mystical_flower":4,"minecraft:item_frame":1,"minecraft:pufferfish":2,"minecraft:experience_bottle":1,"xlfoodmod:onion":1,"minecraft:cracked_stone_bricks":2,"minecraft:bucket":1,"minecraft:written_book":2,"minecraft:cobblestone_slab":6,"dynamictrees:oak_seed":6,"minecraft:iron_pickaxe":1,"minecraft:furnace":1,"minecraft:dark_oak_sapling":20,"minecraft:stick":54,"minecraft:stone":2,"minecraft:oak_door":3,"minecraft:torch":4,"minecraft:acacia_log":16,"minecraft:pink_carpet":1,"epicfight:skillbook":2,"minecraft:porkchop":3,"quark:pink_blossom_sapling":5,"undead:blackpetal":6,"tombstone:grave_dust":13,"minecraft:dark_oak_planks":3,"minecraft:brown_carpet":1,"botania:lime_mystical_flower":1,"graveyard:tg_cobbled_deepslate_slab":5,"minecraft:arrow":7,"minecraft:rotten_flesh":98,"tombstone:essence_of_undeath":2,"minecraft:gold_ingot":2,"minecraft:cod":13,"minecraft:obsidian":1,"graveyard:tg_rooted_dirt":2,"minecraft:cobblestone":297,"minecraft:mossy_cobblestone_slab":3,"minecraft:water_bucket":1,"minecraft:salmon":7,"minecraft:leather":2,"minecraft:potato":16,"graveyard:tg_chiseled_deepslate":1,"mcwroofs:stone_roof":1,"xlfoodmod:lettuce_seeds":1,"minecraft:oak_log":23,"minecraft:yellow_bed":4,"minecraft:map":1,"minecraft:dirt":193,"minecraft:lantern":1,"born_in_chaos_v1:monster_skin":2,"minecraft:cooked_mutton":1,"minecraft:bone":40,"minecraft:acacia_planks":56,"minecraft:stone_bricks":15,"minecraft:wheat_seeds":425,"minecraft:iron_ore":71,"quark:tallow":2,"minecraft:cobweb":7,"tombstone:bag_of_seeds":1,"minecraft:polished_andesite_slab":4,"minecraft:stone_hoe":1,"minecraft:oak_planks":60,"xlfoodmod:strawberry":1,"tconstruct:copper_ore":13,"minecraft:stone_brick_slab":12,"chisel:marble/raw":1,"minecraft:spruce_log":4,"graveyard:tg_deepslate_brick_stairs":2,"dynamictrees:acacia_seed":9,"minecraft:blast_furnace":1,"minecraft:dark_oak_log":276,"minecraft:mossy_stone_brick_slab":3,"minecraft:soul_lantern":1,"minecraft:iron_helmet":1,"graveyard:tg_deepslate_brick_slab":6,"alexsmobs:tarantula_hawk_wing_fragment":1,"minecraft:bread":4,"tombstone:magic_scroll":2,"minecraft:coal":62,"minecraft:andesite_slab":1,"minecraft:ender_pearl":1},"minecraft:crafted":{"minecraft:oak_door":3,"minecraft:oak_planks":64,"minecraft:stone_brick_wall":12,"minecraft:fishing_rod":1,"mcwroofs:stone_roof":1,"xlfoodmod:flesh":1,"minecraft:furnace":5,"minecraft:stone":142,"minecraft:diamond":1,"quark:acacia_chest":2,"minecraft:bow":1,"minecraft:iron_boots":1,"minecraft:iron_axe":2,"minecraft:stone_pickaxe":1,"minecraft:dark_oak_planks":256,"minecraft:stone_hoe":1,"minecraft:stone_bricks":132,"minecraft:cooked_cod":10,"minecraft:diamond_sword":1,"sophisticatedbackpacks:backpack":1,"minecraft:crafting_table":4,"minecraft:wooden_pickaxe":1,"minecraft:iron_helmet":1,"minecraft:iron_sword":1,"minecraft:cooked_salmon":19,"minecraft:stone_axe":1,"minecraft:air":0,"minecraft:stone_brick_stairs":4,"minecraft:stick":4,"minecraft:iron_chestplate":1,"minecraft:shield":1,"quark:oak_chest":2,"minecraft:iron_ingot":71,"minecraft:iron_pickaxe":4,"minecraft:stone_sword":1,"minecraft:iron_shovel":1,"minecraft:iron_leggings":1,"minecraft:stonecutter":1,"minecraft:acacia_planks":44},"minecraft:killed":{"alexsmobs:tarantula_hawk":1,"born_in_chaos_v1:restless_spirit":1,"tconstruct:sky_slime":4,"undead:theheavy":1,"minecraft:skeleton":4,"undead:spitter":3,"undead:themoonflower":37,"born_in_chaos_v1:fallen_chaos_knight":1,"minecraft:pig":1,"born_in_chaos_v1:wither_strider":2,"born_in_chaos_v1:decrepit_skeleton":1,"born_in_chaos_v1:zombieswith_door":1,"minecraft:zombie":6,"born_in_chaos_v1:dread_hound":2,"born_in_chaos_v1:zombiesina_barrel":2,"born_in_chaos_v1:baby_skkl":2,"undead:the_screecher":16,"minecraft:enderman":1},"minecraft:custom":{"minecraft:mob_kills":93,"minecraft:interact_with_anvil":14,"minecraft:interact_with_crafting_table":68,"minecraft:open_barrel":3,"minecraft:damage_dealt_resisted":1372,"minecraft:leave_game":1,"minecraft:time_since_death":4454,"minecraft:climb_one_cm":28,"minecraft:sprint_one_cm":667223,"minecraft:walk_one_cm":659566,"minecraft:damage_blocked_by_shield":1630,"minecraft:drop":112,"minecraft:deaths":5,"minecraft:sneak_time":3747,"minecraft:walk_under_water_one_cm":1251,"minecraft:jump":2328,"minecraft:interact_with_blast_furnace":8,"minecraft:walk_on_water_one_cm":8397,"minecraft:interact_with_furnace":111,"minecraft:interact_with_cartography_table":1,"minecraft:play_one_minute":201646,"minecraft:interact_with_stonecutter":8,"minecraft:sleep_in_bed":5,"minecraft:time_since_rest":4236,"minecraft:damage_taken":3502,"minecraft:trigger_trapped_chest":1,"tombstone:cast_on_ally":1,"minecraft:damage_dealt":13376,"minecraft:swim_one_cm":31876,"minecraft:fly_one_cm":558460,"minecraft:open_chest":178,"minecraft:crouch_one_cm":3809,"tombstone:undead_killed":74,"minecraft:fish_caught":21,"minecraft:fall_one_cm":47683},"minecraft:killed_by":{"born_in_chaos_v1:fallen_chaos_knight":1,"minecraft:skeleton":1,"born_in_chaos_v1:dread_hound":1,"undead:themoonflower":2},"minecraft:mined":{"minecraft:dark_oak_planks":3,"minecraft:yellow_terracotta":1,"minecraft:pink_carpet":1,"minecraft:mossy_cobblestone":2,"minecraft:oak_door":2,"minecraft:dark_oak_leaves":12,"minecraft:mossy_stone_brick_slab":4,"botania:red_mystical_flower":1,"minecraft:dark_oak_log":125,"minecraft:grass_block":169,"minecraft:polished_andesite_slab":4,"minecraft:spruce_leaves":7,"minecraft:spawner":6,"minecraft:large_fern":2,"botania:magenta_mystical_flower":1,"minecraft:mossy_cobblestone_slab":4,"minecraft:furnace":1,"quark:pink_blossom_leaves":63,"minecraft:iron_ore":75,"minecraft:stripped_spruce_log":1,"chisel:marble/raw":1,"minecraft:anvil":1,"minecraft:gold_block":3,"mcwroofs:stone_roof":1,"minecraft:cobblestone_slab":5,"minecraft:iron_bars":2,"graveyard:tg_cobbled_deepslate_slab":16,"minecraft:stone":261,"tconstruct:copper_ore":13,"botania:lime_mystical_flower":2,"graveyard:light_gray_urn":2,"minecraft:glass_pane":2,"graveyard:tg_chiseled_deepslate":2,"minecraft:brown_carpet":1,"minecraft:stone_brick_slab":21,"graveyard:tg_deepslate_brick_stairs":5,"graveyard:tg_rooted_dirt":3,"minecraft:blast_furnace":1,"minecraft:oak_wood":1,"minecraft:andesite_slab":3,"minecraft:campfire":1,"graveyard:tg_cobbled_deepslate":1,"minecraft:tall_grass":5,"minecraft:cobblestone":37,"graveyard:lying_skeleton":1,"minecraft:coarse_dirt":1,"graveyard:skull_with_rib_cage":1,"minecraft:stone_brick_stairs":1,"minecraft:spruce_log":4,"minecraft:wheat":11,"graveyard:tg_deepslate_brick_slab":14,"graveyard:tg_deepslate_bricks":1,"minecraft:yellow_bed":4,"graveyard:skull_pile":1,"minecraft:wither_rose":1,"minecraft:grass":136,"botania:white_mystical_flower":1,"minecraft:coal_ore":62,"minecraft:gravel":6,"minecraft:dirt":21,"minecraft:cobweb":32,"minecraft:cracked_stone_bricks":3,"minecraft:acacia_planks":1,"minecraft:stone_bricks":17,"minecraft:polished_andesite":5,"graveyard:tg_cobbled_deepslate_stairs":3,"minecraft:fern":13},"minecraft:broken":{"minecraft:iron_axe":1,"minecraft:iron_pickaxe":1}},"DataVersion":2586}