{"stats":{"minecraft:used":{"minecraft:stone_sword":7,"minecraft:shield":25,"minecraft:iron_sword":117,"minecraft:dirt":27,"minecraft:anvil":1,"minecraft:iron_axe":7,"minecraft:item_frame":1,"minecraft:golden_carrot":2,"minecraft:written_book":2,"minecraft:furnace":1,"tombstone:gift":2,"minecraft:cooked_beef":4,"minecraft:wheat_seeds":11,"epicfight:skillbook":1,"graveyard:light_gray_urn":1,"minecraft:stone_pickaxe":39,"minecraft:wooden_pickaxe":10,"minecraft:crafting_table":3,"quark:acacia_chest":1,"minecraft:bread":16,"minecraft:iron_pickaxe":355,"minecraft:map":1,"dynamictrees:acacia_seed":2,"tombstone:grave_key":11,"minecraft:stone_axe":5,"minecraft:diamond_sword":4,"minecraft:cobblestone":38,"minecraft:yellow_bed":2,"minecraft:experience_bottle":1},"minecraft:dropped":{"minecraft:wheat_seeds":353,"graveyard:tg_rooted_dirt":1,"minecraft:iron_helmet":3,"minecraft:cracked_stone_bricks":1,"minecraft:mossy_cobblestone_slab":1,"minecraft:iron_leggings":2,"minecraft:wither_rose":8,"graveyard:tg_deepslate_brick_slab":5,"dynamictrees:acacia_seed":3,"xlfoodmod:lettuce_seeds":1,"minecraft:stone_brick_slab":12,"quark:tallow":2,"graveyard:tg_deepslate_brick_stairs":2,"minecraft:polished_andesite_slab":3,"minecraft:obsidian":2,"minecraft:rotten_flesh":6,"minecraft:iron_boots":2,"minecraft:pink_carpet":1,"minecraft:mossy_stone_brick_slab":3,"minecraft:cooked_mutton":1,"minecraft:filled_map":1,"minecraft:cobblestone_slab":5,"minecraft:shield":1,"minecraft:gunpowder":5,"minecraft:iron_chestplate":2,"minecraft:charcoal":2,"graveyard:tg_cobbled_deepslate_slab":1,"minecraft:iron_ore":3,"graveyard:light_gray_urn":1,"minecraft:written_book":2},"minecraft:picked_up":{"minecraft:charcoal":2,"minecraft:wheat":53,"minecraft:anvil":1,"graveyard:light_gray_urn":2,"minecraft:wither_rose":5,"minecraft:gold_block":2,"minecraft:string":32,"xlfoodmod:strawberry_seeds":1,"minecraft:iron_leggings":1,"minecraft:item_frame":1,"minecraft:experience_bottle":1,"minecraft:cracked_stone_bricks":2,"minecraft:bucket":1,"minecraft:written_book":2,"minecraft:cobblestone_slab":6,"dynamictrees:oak_seed":6,"minecraft:stick":39,"minecraft:torch":4,"minecraft:acacia_log":11,"minecraft:pink_carpet":1,"epicfight:skillbook":1,"minecraft:porkchop":3,"tombstone:grave_dust":2,"minecraft:brown_carpet":1,"graveyard:tg_cobbled_deepslate_slab":5,"minecraft:arrow":3,"minecraft:rotten_flesh":6,"tombstone:essence_of_undeath":1,"minecraft:gold_ingot":2,"minecraft:obsidian":1,"graveyard:tg_rooted_dirt":2,"minecraft:cobblestone":86,"minecraft:mossy_cobblestone_slab":3,"minecraft:leather":1,"minecraft:potato":4,"xlfoodmod:lettuce_seeds":1,"minecraft:oak_log":23,"minecraft:yellow_bed":3,"minecraft:map":1,"minecraft:dirt":27,"minecraft:cooked_mutton":1,"minecraft:bone":23,"minecraft:acacia_planks":56,"minecraft:stone_bricks":3,"minecraft:wheat_seeds":365,"minecraft:iron_ore":71,"quark:tallow":2,"minecraft:cobweb":7,"minecraft:polished_andesite_slab":4,"minecraft:oak_planks":60,"tconstruct:copper_ore":13,"minecraft:stone_brick_slab":12,"chisel:marble/raw":1,"graveyard:tg_deepslate_brick_stairs":2,"dynamictrees:acacia_seed":5,"minecraft:blast_furnace":1,"minecraft:mossy_stone_brick_slab":3,"minecraft:soul_lantern":1,"minecraft:iron_helmet":1,"graveyard:tg_deepslate_brick_slab":6,"minecraft:bread":4,"minecraft:coal":62,"minecraft:andesite_slab":1},"minecraft:crafted":{"minecraft:oak_planks":64,"minecraft:fishing_rod":1,"minecraft:furnace":1,"quark:acacia_chest":2,"minecraft:bow":1,"minecraft:iron_boots":1,"minecraft:iron_axe":1,"minecraft:stone_pickaxe":1,"minecraft:diamond_sword":1,"sophisticatedbackpacks:backpack":1,"minecraft:crafting_table":3,"minecraft:wooden_pickaxe":1,"minecraft:iron_helmet":1,"minecraft:iron_sword":1,"minecraft:stone_axe":1,"minecraft:air":0,"minecraft:iron_chestplate":1,"minecraft:shield":1,"minecraft:iron_ingot":71,"minecraft:iron_pickaxe":2,"minecraft:stone_sword":1,"minecraft:iron_leggings":1,"minecraft:acacia_planks":44},"minecraft:killed":{"born_in_chaos_v1:restless_spirit":1,"tconstruct:sky_slime":4,"minecraft:skeleton":3,"undead:themoonflower":7,"minecraft:pig":1,"minecraft:zombie":2,"born_in_chaos_v1:dread_hound":1,"undead:the_screecher":1},"minecraft:custom":{"minecraft:mob_kills":23,"minecraft:interact_with_anvil":11,"minecraft:interact_with_crafting_table":34,"minecraft:open_barrel":3,"minecraft:damage_dealt_resisted":101,"minecraft:leave_game":1,"minecraft:time_since_death":52778,"minecraft:climb_one_cm":28,"minecraft:sprint_one_cm":339871,"minecraft:walk_one_cm":318984,"minecraft:damage_blocked_by_shield":1255,"minecraft:drop":62,"minecraft:deaths":2,"minecraft:sneak_time":2856,"minecraft:walk_under_water_one_cm":973,"minecraft:jump":1189,"minecraft:interact_with_blast_furnace":1,"minecraft:walk_on_water_one_cm":5181,"minecraft:interact_with_furnace":22,"minecraft:interact_with_cartography_table":1,"minecraft:play_one_minute":99646,"minecraft:sleep_in_bed":2,"minecraft:time_since_rest":35730,"minecraft:damage_taken":1460,"minecraft:trigger_trapped_chest":1,"minecraft:damage_dealt":4232,"minecraft:swim_one_cm":29330,"minecraft:fly_one_cm":254564,"minecraft:open_chest":150,"minecraft:crouch_one_cm":2928,"tombstone:undead_killed":13,"minecraft:fall_one_cm":22932},"minecraft:killed_by":{"minecraft:skeleton":1,"born_in_chaos_v1:dread_hound":1},"minecraft:mined":{"minecraft:pink_carpet":1,"minecraft:mossy_cobblestone":2,"minecraft:mossy_stone_brick_slab":4,"botania:red_mystical_flower":1,"minecraft:grass_block":9,"minecraft:polished_andesite_slab":4,"minecraft:spruce_leaves":7,"minecraft:spawner":6,"minecraft:large_fern":2,"minecraft:mossy_cobblestone_slab":4,"minecraft:iron_ore":75,"minecraft:stripped_spruce_log":1,"chisel:marble/raw":1,"minecraft:anvil":1,"minecraft:gold_block":2,"minecraft:cobblestone_slab":5,"minecraft:iron_bars":2,"graveyard:tg_cobbled_deepslate_slab":16,"minecraft:stone":82,"tconstruct:copper_ore":13,"graveyard:light_gray_urn":2,"minecraft:glass_pane":2,"graveyard:tg_chiseled_deepslate":1,"minecraft:brown_carpet":1,"minecraft:stone_brick_slab":21,"graveyard:tg_deepslate_brick_stairs":5,"graveyard:tg_rooted_dirt":3,"minecraft:blast_furnace":1,"minecraft:oak_wood":1,"minecraft:andesite_slab":3,"minecraft:campfire":1,"graveyard:tg_cobbled_deepslate":1,"minecraft:cobblestone":6,"graveyard:lying_skeleton":1,"minecraft:coarse_dirt":1,"graveyard:skull_with_rib_cage":1,"minecraft:wheat":11,"graveyard:tg_deepslate_brick_slab":14,"graveyard:tg_deepslate_bricks":1,"minecraft:yellow_bed":3,"graveyard:skull_pile":1,"minecraft:wither_rose":1,"minecraft:grass":21,"minecraft:coal_ore":62,"minecraft:gravel":6,"minecraft:dirt":12,"minecraft:cobweb":32,"minecraft:cracked_stone_bricks":3,"minecraft:acacia_planks":1,"minecraft:stone_bricks":5,"minecraft:polished_andesite":5,"graveyard:tg_cobbled_deepslate_stairs":3,"minecraft:fern":13},"minecraft:broken":{"minecraft:iron_pickaxe":1}},"DataVersion":2586}