{"stats":{"minecraft:used":{"minecraft:stone_sword":7,"minecraft:shield":22,"minecraft:iron_sword":63,"minecraft:dirt":27,"minecraft:iron_axe":5,"minecraft:item_frame":1,"minecraft:furnace":1,"tombstone:gift":2,"minecraft:cooked_beef":4,"minecraft:wheat_seeds":11,"epicfight:skillbook":1,"graveyard:light_gray_urn":1,"minecraft:stone_pickaxe":39,"minecraft:wooden_pickaxe":10,"minecraft:crafting_table":3,"quark:acacia_chest":1,"minecraft:bread":8,"minecraft:iron_pickaxe":290,"minecraft:map":1,"dynamictrees:acacia_seed":2,"tombstone:grave_key":11,"minecraft:stone_axe":5,"minecraft:cobblestone":15,"minecraft:yellow_bed":2,"minecraft:experience_bottle":1},"minecraft:dropped":{"minecraft:wheat_seeds":353,"graveyard:tg_rooted_dirt":1,"minecraft:cracked_stone_bricks":1,"minecraft:mossy_cobblestone_slab":1,"dynamictrees:acacia_seed":3,"minecraft:stone_brick_slab":11,"quark:tallow":2,"minecraft:polished_andesite_slab":3,"minecraft:obsidian":1,"minecraft:rotten_flesh":6,"minecraft:iron_boots":1,"minecraft:pink_carpet":1,"minecraft:mossy_stone_brick_slab":2,"minecraft:cooked_mutton":1,"minecraft:filled_map":1,"minecraft:cobblestone_slab":1,"minecraft:shield":1,"minecraft:gunpowder":5,"minecraft:charcoal":2,"graveyard:light_gray_urn":1},"minecraft:picked_up":{"minecraft:charcoal":2,"minecraft:wheat":53,"minecraft:anvil":1,"graveyard:light_gray_urn":2,"minecraft:wither_rose":1,"minecraft:gold_block":2,"minecraft:string":32,"xlfoodmod:strawberry_seeds":1,"minecraft:item_frame":1,"minecraft:experience_bottle":1,"minecraft:cracked_stone_bricks":2,"minecraft:bucket":1,"minecraft:cobblestone_slab":3,"dynamictrees:oak_seed":6,"minecraft:stick":39,"minecraft:torch":4,"minecraft:acacia_log":11,"minecraft:pink_carpet":1,"epicfight:skillbook":1,"minecraft:porkchop":3,"tombstone:grave_dust":2,"minecraft:brown_carpet":1,"graveyard:tg_cobbled_deepslate_slab":1,"minecraft:rotten_flesh":6,"minecraft:gold_ingot":2,"minecraft:obsidian":1,"graveyard:tg_rooted_dirt":2,"minecraft:cobblestone":84,"minecraft:mossy_cobblestone_slab":3,"minecraft:leather":1,"minecraft:potato":4,"minecraft:oak_log":23,"minecraft:yellow_bed":3,"minecraft:map":1,"minecraft:dirt":27,"minecraft:cooked_mutton":1,"minecraft:bone":18,"minecraft:acacia_planks":56,"minecraft:stone_bricks":3,"minecraft:wheat_seeds":364,"minecraft:iron_ore":71,"quark:tallow":2,"minecraft:cobweb":7,"minecraft:polished_andesite_slab":4,"minecraft:oak_planks":60,"tconstruct:copper_ore":13,"minecraft:stone_brick_slab":11,"chisel:marble/raw":1,"dynamictrees:acacia_seed":5,"minecraft:blast_furnace":1,"minecraft:mossy_stone_brick_slab":2,"minecraft:soul_lantern":1,"minecraft:bread":4,"minecraft:coal":62,"minecraft:andesite_slab":1},"minecraft:crafted":{"minecraft:oak_planks":64,"minecraft:fishing_rod":1,"minecraft:furnace":1,"quark:acacia_chest":2,"minecraft:iron_boots":1,"minecraft:iron_axe":1,"minecraft:stone_pickaxe":1,"sophisticatedbackpacks:backpack":1,"minecraft:crafting_table":3,"minecraft:wooden_pickaxe":1,"minecraft:iron_helmet":1,"minecraft:iron_sword":1,"minecraft:stone_axe":1,"minecraft:air":0,"minecraft:iron_chestplate":1,"minecraft:shield":1,"minecraft:iron_ingot":71,"minecraft:iron_pickaxe":2,"minecraft:stone_sword":1,"minecraft:iron_leggings":1,"minecraft:acacia_planks":44},"minecraft:killed":{"tconstruct:sky_slime":4,"minecraft:skeleton":1,"undead:themoonflower":2,"minecraft:pig":1,"born_in_chaos_v1:dread_hound":1},"minecraft:custom":{"minecraft:mob_kills":12,"minecraft:interact_with_anvil":2,"minecraft:interact_with_crafting_table":27,"minecraft:open_barrel":3,"minecraft:leave_game":1,"minecraft:time_since_death":28778,"minecraft:climb_one_cm":28,"minecraft:sprint_one_cm":246751,"minecraft:walk_one_cm":260014,"minecraft:damage_blocked_by_shield":1110,"minecraft:drop":33,"minecraft:deaths":2,"minecraft:sneak_time":1909,"minecraft:walk_under_water_one_cm":416,"minecraft:jump":933,"minecraft:interact_with_blast_furnace":1,"minecraft:walk_on_water_one_cm":4330,"minecraft:interact_with_furnace":18,"minecraft:interact_with_cartography_table":1,"minecraft:play_one_minute":75646,"minecraft:sleep_in_bed":2,"minecraft:time_since_rest":11730,"minecraft:damage_taken":1062,"minecraft:trigger_trapped_chest":1,"minecraft:damage_dealt":1403,"minecraft:swim_one_cm":26730,"minecraft:fly_one_cm":189264,"minecraft:open_chest":88,"minecraft:crouch_one_cm":1609,"tombstone:undead_killed":3,"minecraft:fall_one_cm":17260},"minecraft:killed_by":{"minecraft:skeleton":1,"born_in_chaos_v1:dread_hound":1},"minecraft:mined":{"minecraft:pink_carpet":1,"minecraft:mossy_cobblestone":2,"minecraft:mossy_stone_brick_slab":3,"minecraft:grass_block":9,"minecraft:polished_andesite_slab":4,"minecraft:spruce_leaves":7,"minecraft:spawner":5,"minecraft:large_fern":1,"minecraft:mossy_cobblestone_slab":3,"minecraft:iron_ore":75,"chisel:marble/raw":1,"minecraft:anvil":1,"minecraft:gold_block":2,"minecraft:cobblestone_slab":3,"graveyard:tg_cobbled_deepslate_slab":1,"minecraft:stone":82,"tconstruct:copper_ore":13,"graveyard:light_gray_urn":2,"minecraft:glass_pane":2,"graveyard:tg_chiseled_deepslate":1,"minecraft:brown_carpet":1,"minecraft:stone_brick_slab":15,"graveyard:tg_rooted_dirt":3,"minecraft:blast_furnace":1,"minecraft:andesite_slab":3,"minecraft:campfire":1,"minecraft:cobblestone":4,"graveyard:lying_skeleton":1,"minecraft:coarse_dirt":1,"graveyard:skull_with_rib_cage":1,"minecraft:wheat":11,"graveyard:tg_deepslate_brick_slab":2,"minecraft:yellow_bed":3,"graveyard:skull_pile":1,"minecraft:wither_rose":1,"minecraft:grass":9,"minecraft:coal_ore":62,"minecraft:gravel":6,"minecraft:dirt":12,"minecraft:cobweb":32,"minecraft:cracked_stone_bricks":3,"minecraft:acacia_planks":1,"minecraft:stone_bricks":5,"minecraft:polished_andesite":5,"minecraft:fern":7},"minecraft:broken":{"minecraft:iron_pickaxe":1}},"DataVersion":2586}