{"stats":{"minecraft:used":{"minecraft:wheat_seeds":11,"minecraft:stone_sword":7,"minecraft:stone_pickaxe":39,"minecraft:wooden_pickaxe":10,"minecraft:shield":15,"minecraft:crafting_table":2,"minecraft:bread":5,"minecraft:map":1,"minecraft:iron_pickaxe":183,"dynamictrees:acacia_seed":2,"tombstone:grave_key":10,"minecraft:item_frame":1,"minecraft:stone_axe":5,"minecraft:cobblestone":10,"minecraft:furnace":1,"tombstone:gift":2,"minecraft:cooked_beef":2},"minecraft:dropped":{"minecraft:pink_carpet":1,"minecraft:cracked_stone_bricks":1,"minecraft:filled_map":1,"minecraft:shield":1,"dynamictrees:acacia_seed":3},"minecraft:picked_up":{"minecraft:charcoal":2,"minecraft:wheat":53,"minecraft:leather":1,"minecraft:potato":4,"minecraft:map":1,"minecraft:dirt":5,"minecraft:cooked_mutton":1,"minecraft:item_frame":1,"minecraft:bone":6,"minecraft:stone_bricks":1,"minecraft:cracked_stone_bricks":1,"minecraft:wheat_seeds":109,"minecraft:bucket":1,"minecraft:iron_ore":71,"minecraft:stick":18,"tconstruct:copper_ore":13,"chisel:marble/raw":1,"minecraft:acacia_log":11,"minecraft:pink_carpet":1,"dynamictrees:acacia_seed":5,"tombstone:grave_dust":1,"minecraft:brown_carpet":1,"minecraft:gold_ingot":2,"minecraft:bread":4,"minecraft:coal":57,"minecraft:cobblestone":69},"minecraft:crafted":{"minecraft:crafting_table":2,"minecraft:wooden_pickaxe":1,"minecraft:furnace":1,"minecraft:stone_axe":1,"minecraft:air":0,"minecraft:shield":1,"minecraft:iron_ingot":18,"minecraft:iron_pickaxe":1,"minecraft:stone_pickaxe":1,"minecraft:stone_sword":1,"minecraft:acacia_planks":44},"minecraft:killed":{"minecraft:skeleton":1},"minecraft:custom":{"minecraft:interact_with_furnace":12,"minecraft:mob_kills":4,"minecraft:interact_with_crafting_table":9,"minecraft:interact_with_cartography_table":1,"minecraft:play_one_minute":33176,"minecraft:time_since_death":4221,"minecraft:climb_one_cm":28,"minecraft:time_since_rest":3146,"minecraft:sprint_one_cm":129599,"minecraft:damage_taken":560,"minecraft:walk_one_cm":136971,"minecraft:damage_blocked_by_shield":690,"minecraft:drop":7,"minecraft:damage_dealt":399,"minecraft:fly_one_cm":63402,"minecraft:open_chest":20,"minecraft:crouch_one_cm":1125,"tombstone:undead_killed":1,"minecraft:deaths":1,"minecraft:sneak_time":1130,"minecraft:jump":395,"minecraft:fall_one_cm":5158},"minecraft:killed_by":{"minecraft:skeleton":1},"minecraft:mined":{"tconstruct:copper_ore":13,"minecraft:pink_carpet":1,"minecraft:brown_carpet":1,"minecraft:grass_block":1,"minecraft:campfire":1,"minecraft:cobblestone":2,"minecraft:spawner":2,"minecraft:iron_ore":75,"minecraft:wheat":11,"chisel:marble/raw":1,"minecraft:coal_ore":57,"minecraft:gravel":6,"minecraft:dirt":4,"minecraft:cracked_stone_bricks":1,"minecraft:stone":70,"minecraft:acacia_planks":1,"minecraft:stone_bricks":1,"minecraft:polished_andesite":5}},"DataVersion":2586}