{"stats":{"minecraft:used":{"minecraft:wheat_seeds":11,"minecraft:stone_sword":7,"minecraft:stone_pickaxe":39,"minecraft:wooden_pickaxe":10,"minecraft:shield":15,"minecraft:iron_sword":4,"minecraft:dirt":27,"minecraft:crafting_table":2,"quark:acacia_chest":1,"minecraft:iron_axe":5,"minecraft:bread":5,"minecraft:map":1,"minecraft:iron_pickaxe":205,"dynamictrees:acacia_seed":2,"tombstone:grave_key":10,"minecraft:item_frame":1,"minecraft:stone_axe":5,"minecraft:cobblestone":10,"minecraft:furnace":1,"tombstone:gift":2,"minecraft:cooked_beef":3,"minecraft:experience_bottle":1},"minecraft:dropped":{"minecraft:pink_carpet":1,"minecraft:cracked_stone_bricks":1,"minecraft:filled_map":1,"minecraft:shield":1,"dynamictrees:acacia_seed":3},"minecraft:picked_up":{"minecraft:charcoal":2,"minecraft:wheat":53,"minecraft:anvil":1,"minecraft:leather":1,"minecraft:potato":4,"minecraft:oak_log":23,"minecraft:yellow_bed":1,"minecraft:map":1,"minecraft:string":1,"minecraft:dirt":27,"minecraft:cooked_mutton":1,"minecraft:item_frame":1,"minecraft:experience_bottle":1,"minecraft:bone":6,"minecraft:acacia_planks":56,"minecraft:stone_bricks":1,"minecraft:cracked_stone_bricks":1,"minecraft:wheat_seeds":114,"minecraft:bucket":1,"minecraft:iron_ore":71,"dynamictrees:oak_seed":6,"minecraft:stick":39,"tconstruct:copper_ore":13,"chisel:marble/raw":1,"minecraft:acacia_log":11,"minecraft:pink_carpet":1,"dynamictrees:acacia_seed":5,"tombstone:grave_dust":1,"minecraft:brown_carpet":1,"graveyard:tg_cobbled_deepslate_slab":1,"minecraft:soul_lantern":1,"minecraft:gold_ingot":2,"minecraft:bread":4,"minecraft:coal":57,"minecraft:cobblestone":81},"minecraft:crafted":{"minecraft:crafting_table":2,"minecraft:wooden_pickaxe":1,"minecraft:iron_helmet":1,"minecraft:iron_sword":1,"minecraft:furnace":1,"minecraft:stone_axe":1,"minecraft:air":0,"quark:acacia_chest":1,"minecraft:iron_boots":1,"minecraft:iron_chestplate":1,"minecraft:shield":1,"minecraft:iron_axe":1,"minecraft:iron_ingot":71,"minecraft:iron_pickaxe":1,"minecraft:stone_pickaxe":1,"minecraft:stone_sword":1,"minecraft:iron_leggings":1,"minecraft:acacia_planks":44},"minecraft:killed":{"minecraft:skeleton":1},"minecraft:custom":{"minecraft:interact_with_furnace":18,"minecraft:interact_with_anvil":1,"minecraft:mob_kills":4,"minecraft:interact_with_crafting_table":19,"minecraft:interact_with_cartography_table":1,"minecraft:play_one_minute":45176,"minecraft:time_since_death":16221,"minecraft:climb_one_cm":28,"minecraft:time_since_rest":15146,"minecraft:sprint_one_cm":160522,"minecraft:damage_taken":580,"minecraft:walk_one_cm":174347,"minecraft:damage_blocked_by_shield":690,"minecraft:drop":7,"minecraft:damage_dealt":459,"minecraft:swim_one_cm":1665,"minecraft:fly_one_cm":106784,"minecraft:open_chest":30,"minecraft:crouch_one_cm":1388,"tombstone:undead_killed":1,"minecraft:deaths":1,"minecraft:sneak_time":1849,"minecraft:walk_under_water_one_cm":134,"minecraft:jump":581,"minecraft:walk_on_water_one_cm":232,"minecraft:fall_one_cm":9369},"minecraft:killed_by":{"minecraft:skeleton":1},"minecraft:mined":{"tconstruct:copper_ore":13,"graveyard:tg_chiseled_deepslate":1,"minecraft:pink_carpet":1,"minecraft:brown_carpet":1,"minecraft:grass_block":8,"minecraft:campfire":1,"minecraft:cobblestone":2,"minecraft:spawner":2,"minecraft:iron_ore":75,"minecraft:wheat":11,"graveyard:tg_deepslate_brick_slab":2,"chisel:marble/raw":1,"minecraft:anvil":1,"minecraft:yellow_bed":1,"minecraft:grass":2,"minecraft:coal_ore":57,"graveyard:tg_cobbled_deepslate_slab":1,"minecraft:gravel":6,"minecraft:dirt":8,"minecraft:cobweb":1,"minecraft:cracked_stone_bricks":1,"minecraft:stone":81,"minecraft:acacia_planks":1,"minecraft:stone_bricks":1,"minecraft:polished_andesite":5}},"DataVersion":2586}