{"stats":{"minecraft:used":{"alexsmobs:emu_egg":2,"minecraft:stone_sword":74,"minecraft:iron_shovel":375,"minecraft:acacia_log":4,"minecraft:flint_and_steel":27,"minecraft:shield":55,"minecraft:iron_sword":537,"minecraft:orange_bed":1,"minecraft:torch":5,"minecraft:dirt":190,"graveyard:tg_deepslate_brick_stairs":2,"minecraft:lantern":2,"minecraft:iron_axe":190,"minecraft:acacia_slab":2,"minecraft:item_frame":1,"minecraft:bow":1,"minecraft:furnace":1,"tombstone:gift":6,"minecraft:acacia_planks":1,"minecraft:water_bucket":1,"epicfight:skillbook":12,"minecraft:diorite":44,"minecraft:stone_pickaxe":108,"minecraft:oak_planks":1,"minecraft:crafting_table":4,"quark:acacia_chest":7,"graveyard:tg_chiseled_deepslate":1,"minecraft:melon_slice":4,"born_in_chaos_v1:black_argillite_column":1,"minecraft:bread":134,"minecraft:iron_pickaxe":2537,"minecraft:map":1,"tombstone:grave_key":14,"minecraft:wooden_sword":129,"minecraft:cobblestone":2207,"minecraft:bucket":1,"alexsmobs:animal_dictionary":1,"minecraft:golden_pickaxe":6,"minecraft:experience_bottle":1},"minecraft:dropped":{"xlfoodmod:corn_seeds":1,"minecraft:bread":8,"minecraft:wheat_seeds":631,"chisel:marble/raw":9,"quark:marble":5,"minecraft:iron_helmet":1,"minecraft:cobblestone":3,"minecraft:item_frame":2,"minecraft:stick":2,"minecraft:dirt":164,"mca:book_romance":2,"minecraft:dark_oak_log":1,"minecraft:diorite":3,"tconstruct:materials_and_you":2,"tombstone:grave_dust":2,"minecraft:iron_pickaxe":3,"minecraft:orange_bed":1,"minecraft:string":2,"dynamictrees:acacia_seed":4,"minecraft:acacia_planks":2,"minecraft:bone":7,"minecraft:gravel":6,"graveyard:tg_deepslate_brick_stairs":3,"quark:root_item":3,"alexsmobs:animal_dictionary":2,"tombstone:gift":2,"graveyard:tg_cobbled_deepslate_stairs":4,"born_in_chaos_v1:black_argillite_button":1,"minecraft:rotten_flesh":34,"undead:webshairung":1,"undead:blackpetal":6,"minecraft:andesite":31,"minecraft:gunpowder":1,"born_in_chaos_v1:chipped_black_argillite_brick":2,"minecraft:acacia_slab":2,"minecraft:wooden_shovel":1,"minecraft:arrow":1,"mca:book_rose_gold":3,"epicfight:skillbook":1},"minecraft:picked_up":{"graveyard:tg_cobbled_deepslate_stairs":4,"minecraft:crafting_table":2,"minecraft:wheat":541,"tconstruct:materials_and_you":1,"mca:book_rose_gold":2,"minecraft:enchanted_book":2,"born_in_chaos_v1:black_argillite_column":1,"minecraft:string":1,"born_in_chaos_v1:tridenthayfork":1,"quark:cobbled_deepslate_slab":1,"minecraft:item_frame":4,"minecraft:experience_bottle":1,"botania:magenta_mystical_flower":2,"xlfoodmod:onion":2,"minecraft:cracked_stone_bricks":1,"minecraft:spruce_planks":1,"minecraft:beef":5,"minecraft:wooden_shovel":1,"minecraft:iron_pickaxe":3,"quark:root_item":3,"minecraft:melon_slice":7,"minecraft:sugar_cane":7,"minecraft:furnace":1,"minecraft:stick":19,"minecraft:sandstone":3,"chisel:limestone/raw":17,"minecraft:torch":5,"botania:yellow_mystical_flower":1,"minecraft:acacia_log":46,"epicfight:skillbook":7,"quark:pink_blossom_sapling":1,"undead:blackpetal":39,"minecraft:stone_button":8,"tombstone:grave_dust":14,"minecraft:diorite":49,"minecraft:tnt":2,"minecraft:orange_bed":2,"minecraft:stone_sword":1,"graveyard:tg_cobbled_deepslate_slab":1,"minecraft:arrow":23,"minecraft:rotten_flesh":135,"minecraft:hay_block":17,"botania:blue_mystical_flower":3,"alexsmobs:emu_egg":2,"alexsmobs:kangaroo_meat":2,"minecraft:iron_bars":1,"quark:marble":7,"minecraft:cobblestone":2330,"minecraft:oxeye_daisy":1,"xlfoodmod:cucumber_seeds":1,"minecraft:andesite":34,"minecraft:leather":5,"graveyard:tg_chiseled_deepslate":2,"xlfoodmod:lettuce_seeds":2,"minecraft:lily_pad":1,"xlfoodmod:pineapple_seeds":2,"born_in_chaos_v1:black_argillite_button":1,"minecraft:gunpowder":1,"mca:book_romance":1,"tombstone:gift":1,"minecraft:dirt":413,"minecraft:lantern":6,"minecraft:bone":37,"minecraft:acacia_planks":13,"botania:cyan_mystical_flower":2,"minecraft:bow":1,"minecraft:wheat_seeds":987,"minecraft:iron_ingot":2,"born_in_chaos_v1:chipped_black_argillite_brick":2,"minecraft:iron_ore":45,"minecraft:oak_planks":1,"minecraft:iron_sword":1,"minecraft:book":3,"xlfoodmod:rice":1,"minecraft:acacia_stairs":30,"chisel:marble/raw":17,"born_in_chaos_v1:ethereal_spirit":2,"minecraft:gravel":29,"minecraft:diamond_block":1,"minecraft:stripped_spruce_log":1,"graveyard:tg_deepslate_brick_stairs":6,"minecraft:spruce_log":4,"dynamictrees:acacia_seed":6,"sophisticatedbackpacks:iron_backpack":1,"minecraft:ink_sac":2,"minecraft:gold_ore":1,"alexsmobs:animal_dictionary":2,"minecraft:dark_oak_log":1,"alexsmobs:kangaroo_hide":2,"minecraft:polished_andesite":1,"minecraft:diamond":1,"graveyard:tg_deepslate_brick_slab":3,"xlfoodmod:corn_seeds":1,"minecraft:bread":4,"tombstone:magic_scroll":2,"minecraft:acacia_slab":4,"minecraft:coal":48},"minecraft:crafted":{"minecraft:wooden_sword":2,"minecraft:coal":9,"minecraft:iron_nugget":9,"sophisticatedbackpacks:crafting_upgrade":1,"minecraft:diamond":9,"quark:acacia_chest":8,"minecraft:iron_boots":1,"minecraft:stone_pickaxe":1,"quark:spruce_chest":1,"sophisticatedbackpacks:iron_backpack":1,"minecraft:wheat":153,"sophisticatedbackpacks:backpack":1,"minecraft:crafting_table":4,"minecraft:spruce_planks":20,"minecraft:iron_helmet":1,"minecraft:iron_sword":1,"minecraft:golden_pickaxe":1,"botania:lexicon":1,"minecraft:bucket":1,"sophisticatedbackpacks:upgrade_base":1,"minecraft:bread":200,"minecraft:air":0,"minecraft:shield":2,"minecraft:stick":28,"minecraft:iron_ingot":34,"minecraft:iron_pickaxe":9,"minecraft:iron_shovel":2,"minecraft:gold_ingot":9,"minecraft:iron_leggings":1,"minecraft:acacia_planks":104},"minecraft:killed":{"mca:male_zombie_villager":1,"born_in_chaos_v1:restless_spirit":1,"undead:theheavy":1,"minecraft:skeleton":3,"undead:themoonflower":51,"alexsmobs:kangaroo":1,"undead:therotten":1,"minecraft:husk":1,"born_in_chaos_v1:baby_skeleton":1,"born_in_chaos_v1:decrepit_skeleton":3,"minecraft:zombie":8,"undead:thestone":1,"born_in_chaos_v1:dark_vortex":1,"born_in_chaos_v1:baby_skkl":3,"born_in_chaos_v1:zombieswith_door_n":2,"born_in_chaos_v1:firelight_n":2,"undead:the_screecher":26,"minecraft:cow":3},"minecraft:custom":{"minecraft:interact_with_anvil":4,"minecraft:mob_kills":121,"minecraft:interact_with_crafting_table":37,"minecraft:open_barrel":31,"minecraft:bell_ring":5,"minecraft:damage_dealt_resisted":1583,"minecraft:eat_cake_slice":2,"minecraft:leave_game":3,"minecraft:time_since_death":679,"minecraft:climb_one_cm":581,"minecraft:sprint_one_cm":1061301,"minecraft:walk_one_cm":1065975,"minecraft:damage_blocked_by_shield":2430,"minecraft:drop":88,"minecraft:deaths":19,"minecraft:sneak_time":21247,"minecraft:walk_under_water_one_cm":5148,"minecraft:jump":5329,"minecraft:walk_on_water_one_cm":21248,"minecraft:interact_with_furnace":48,"minecraft:play_one_minute":367957,"minecraft:interact_with_grindstone":1,"minecraft:sleep_in_bed":8,"minecraft:time_since_rest":420,"minecraft:waystone_activated":3,"minecraft:damage_taken":10329,"minecraft:trigger_trapped_chest":3,"minecraft:damage_dealt":30147,"minecraft:swim_one_cm":8103,"minecraft:fly_one_cm":1187017,"minecraft:open_chest":192,"minecraft:crouch_one_cm":59971,"tombstone:undead_killed":102,"minecraft:fall_one_cm":147566},"minecraft:killed_by":{"undead:thesnatcher":1,"minecraft:creeper":1,"alexsmobs:kangaroo":1,"undead:themoonflower":15},"minecraft:mined":{"minecraft:diamond_ore":1,"minecraft:stone_pressure_plate":1,"minecraft:attached_melon_stem":2,"minecraft:dark_oak_log":1,"minecraft:acacia_log":44,"minecraft:grass_block":249,"botania:cyan_double_flower":1,"minecraft:acacia_slab":4,"minecraft:oxeye_daisy":1,"minecraft:sandstone":4,"minecraft:spawner":6,"minecraft:large_fern":2,"minecraft:hay_block":17,"born_in_chaos_v1:black_argillite_column":2,"botania:magenta_mystical_flower":2,"minecraft:furnace":1,"minecraft:iron_ore":46,"minecraft:acacia_stairs":65,"minecraft:andesite":36,"chisel:marble/raw":17,"minecraft:diamond_block":1,"minecraft:stripped_spruce_log":1,"minecraft:bookshelf":1,"chisel:limestone/raw":17,"minecraft:iron_bars":3,"minecraft:lantern":2,"graveyard:tg_cobbled_deepslate_slab":4,"minecraft:stone":2307,"minecraft:white_wool":1,"minecraft:orange_bed":1,"minecraft:acacia_leaves":9,"graveyard:tg_chiseled_deepslate":3,"minecraft:glass_pane":2,"minecraft:torch":3,"minecraft:crafting_table":2,"graveyard:tg_deepslate_brick_stairs":7,"dynamictrees:acacia_leaves":49,"minecraft:poppy":1,"minecraft:melon":1,"minecraft:cobblestone":39,"minecraft:tall_grass":24,"born_in_chaos_v1:chipped_black_argillite_brick":1,"botania:blue_mystical_flower":3,"minecraft:diorite":49,"minecraft:wall_torch":1,"botania:cyan_mystical_flower":2,"quark:marble":8,"minecraft:wheat":2,"minecraft:spruce_log":3,"graveyard:tg_deepslate_brick_slab":4,"dynamictrees:birch_leaves":3,"minecraft:tnt":2,"minecraft:grass":162,"minecraft:coal_ore":48,"minecraft:gravel":23,"minecraft:sand":3,"minecraft:dirt":134,"minecraft:cobweb":1,"minecraft:cracked_stone_bricks":1,"minecraft:acacia_planks":29,"minecraft:polished_andesite":1,"graveyard:tg_cobbled_deepslate_stairs":3,"minecraft:fern":2,"quark:root":3},"minecraft:broken":{"minecraft:iron_boots":1,"minecraft:iron_leggings":1,"minecraft:shield":1,"minecraft:wooden_sword":2,"minecraft:iron_sword":1,"minecraft:iron_pickaxe":6,"minecraft:iron_helmet":1}},"DataVersion":2586}