{"stats":{"minecraft:used":{"alexsmobs:emu_egg":1,"epicfight:skillbook":4,"minecraft:stone_sword":74,"minecraft:acacia_log":2,"minecraft:flint_and_steel":27,"minecraft:stone_pickaxe":108,"minecraft:shield":41,"minecraft:iron_sword":95,"minecraft:dirt":5,"minecraft:crafting_table":1,"quark:acacia_chest":4,"minecraft:iron_axe":5,"minecraft:bread":49,"minecraft:acacia_slab":2,"minecraft:iron_pickaxe":31,"minecraft:map":1,"tombstone:grave_key":6,"minecraft:item_frame":1,"minecraft:wooden_sword":129,"minecraft:cobblestone":32,"tombstone:gift":6,"alexsmobs:animal_dictionary":1,"minecraft:acacia_planks":1,"minecraft:golden_pickaxe":6,"minecraft:experience_bottle":1},"minecraft:dropped":{"minecraft:bread":3,"minecraft:wheat_seeds":509,"alexsmobs:animal_dictionary":2,"minecraft:cobblestone":3,"minecraft:rotten_flesh":30,"undead:webshairung":1,"undead:blackpetal":6,"minecraft:stick":2,"minecraft:dark_oak_log":1,"mca:book_romance":2,"minecraft:gunpowder":1,"tconstruct:materials_and_you":2,"minecraft:acacia_slab":2,"minecraft:wooden_shovel":1,"minecraft:string":2,"mca:book_rose_gold":3,"dynamictrees:acacia_seed":1,"minecraft:acacia_planks":2},"minecraft:picked_up":{"minecraft:wheat":249,"minecraft:leather":5,"tconstruct:materials_and_you":1,"mca:book_rose_gold":2,"minecraft:enchanted_book":2,"xlfoodmod:lettuce_seeds":2,"minecraft:gunpowder":1,"mca:book_romance":1,"minecraft:string":1,"minecraft:dirt":5,"minecraft:lantern":1,"minecraft:item_frame":1,"minecraft:bone":15,"minecraft:experience_bottle":1,"botania:magenta_mystical_flower":2,"minecraft:acacia_planks":7,"botania:cyan_mystical_flower":2,"minecraft:bow":1,"minecraft:cracked_stone_bricks":1,"minecraft:wheat_seeds":519,"minecraft:iron_ingot":1,"minecraft:beef":5,"minecraft:iron_ore":30,"minecraft:wooden_shovel":1,"minecraft:sugar_cane":7,"minecraft:book":3,"minecraft:stick":12,"minecraft:sandstone":3,"minecraft:acacia_log":18,"epicfight:skillbook":1,"undead:blackpetal":22,"dynamictrees:acacia_seed":3,"minecraft:ink_sac":2,"tombstone:grave_dust":2,"minecraft:gold_ore":1,"minecraft:dark_oak_log":1,"alexsmobs:animal_dictionary":2,"minecraft:tnt":2,"minecraft:polished_andesite":1,"minecraft:stone_sword":1,"graveyard:tg_cobbled_deepslate_slab":1,"minecraft:arrow":1,"minecraft:rotten_flesh":42,"botania:blue_mystical_flower":3,"minecraft:hay_block":17,"graveyard:tg_deepslate_brick_slab":3,"alexsmobs:emu_egg":1,"minecraft:bread":3,"minecraft:acacia_slab":2,"minecraft:iron_bars":1,"minecraft:coal":44,"minecraft:cobblestone":38,"minecraft:oxeye_daisy":1},"minecraft:crafted":{"minecraft:wooden_sword":2,"sophisticatedbackpacks:backpack":1,"minecraft:iron_nugget":9,"minecraft:crafting_table":1,"minecraft:iron_helmet":1,"minecraft:golden_pickaxe":1,"botania:lexicon":1,"minecraft:bread":113,"minecraft:air":0,"quark:acacia_chest":5,"minecraft:iron_boots":1,"minecraft:shield":1,"minecraft:stick":12,"minecraft:iron_ingot":31,"minecraft:iron_pickaxe":1,"minecraft:stone_pickaxe":1,"minecraft:iron_leggings":1,"minecraft:gold_ingot":9,"minecraft:acacia_planks":64,"sophisticatedbackpacks:iron_backpack":1,"minecraft:wheat":153},"minecraft:killed":{"minecraft:husk":1,"mca:male_zombie_villager":1,"minecraft:skeleton":2,"minecraft:zombie":5,"undead:thestone":1,"undead:themoonflower":10,"undead:the_screecher":6,"minecraft:cow":3},"minecraft:custom":{"minecraft:interact_with_furnace":23,"minecraft:mob_kills":35,"minecraft:interact_with_crafting_table":18,"minecraft:open_barrel":11,"minecraft:play_one_minute":128349,"minecraft:bell_ring":5,"minecraft:damage_dealt_resisted":382,"minecraft:eat_cake_slice":2,"minecraft:leave_game":2,"minecraft:time_since_death":41944,"minecraft:sleep_in_bed":2,"minecraft:climb_one_cm":306,"minecraft:time_since_rest":347,"minecraft:waystone_activated":2,"minecraft:sprint_one_cm":445974,"minecraft:damage_taken":4330,"minecraft:walk_one_cm":366760,"minecraft:damage_blocked_by_shield":1740,"minecraft:trigger_trapped_chest":2,"minecraft:drop":39,"minecraft:damage_dealt":7767,"minecraft:swim_one_cm":3979,"minecraft:fly_one_cm":530470,"minecraft:crouch_one_cm":797,"minecraft:open_chest":75,"tombstone:undead_killed":26,"minecraft:deaths":9,"minecraft:sneak_time":3407,"minecraft:walk_under_water_one_cm":1438,"minecraft:jump":2044,"minecraft:walk_on_water_one_cm":5366,"minecraft:fall_one_cm":53484},"minecraft:mined":{"minecraft:glass_pane":2,"minecraft:dark_oak_log":1,"minecraft:acacia_log":17,"dynamictrees:acacia_leaves":47,"minecraft:grass_block":1,"botania:cyan_double_flower":1,"minecraft:tall_grass":7,"botania:blue_mystical_flower":3,"minecraft:acacia_slab":2,"minecraft:oxeye_daisy":1,"minecraft:sandstone":4,"minecraft:spawner":3,"minecraft:hay_block":17,"botania:cyan_mystical_flower":2,"botania:magenta_mystical_flower":2,"minecraft:iron_ore":31,"graveyard:tg_deepslate_brick_slab":4,"minecraft:tnt":2,"minecraft:grass":47,"minecraft:bookshelf":1,"minecraft:coal_ore":44,"minecraft:iron_bars":3,"minecraft:lantern":1,"graveyard:tg_cobbled_deepslate_slab":4,"minecraft:sand":3,"minecraft:dirt":4,"minecraft:cobweb":1,"minecraft:cracked_stone_bricks":1,"minecraft:acacia_planks":3,"minecraft:stone":37,"minecraft:polished_andesite":1,"minecraft:white_wool":1},"minecraft:killed_by":{"undead:thesnatcher":1,"undead:themoonflower":8},"minecraft:broken":{"minecraft:wooden_sword":2}},"DataVersion":2586}