{"stats":{"minecraft:used":{"alexsmobs:emu_egg":2,"minecraft:stone_sword":74,"minecraft:iron_shovel":193,"minecraft:acacia_log":4,"minecraft:flint_and_steel":27,"minecraft:shield":55,"minecraft:iron_sword":291,"minecraft:dirt":172,"graveyard:tg_deepslate_brick_stairs":2,"minecraft:iron_axe":16,"minecraft:acacia_slab":2,"minecraft:item_frame":1,"minecraft:bow":1,"minecraft:furnace":1,"tombstone:gift":6,"minecraft:acacia_planks":1,"minecraft:water_bucket":1,"epicfight:skillbook":5,"minecraft:stone_pickaxe":108,"minecraft:crafting_table":4,"quark:acacia_chest":4,"graveyard:tg_chiseled_deepslate":1,"born_in_chaos_v1:black_argillite_column":1,"minecraft:bread":98,"minecraft:iron_pickaxe":56,"minecraft:map":1,"tombstone:grave_key":8,"minecraft:wooden_sword":129,"minecraft:cobblestone":32,"minecraft:bucket":1,"alexsmobs:animal_dictionary":1,"minecraft:golden_pickaxe":6,"minecraft:experience_bottle":1},"minecraft:dropped":{"xlfoodmod:corn_seeds":1,"minecraft:bread":8,"minecraft:wheat_seeds":566,"minecraft:iron_helmet":1,"minecraft:cobblestone":3,"minecraft:item_frame":2,"minecraft:stick":2,"mca:book_romance":2,"minecraft:dark_oak_log":1,"tconstruct:materials_and_you":2,"tombstone:grave_dust":2,"minecraft:orange_bed":1,"minecraft:string":2,"dynamictrees:acacia_seed":4,"minecraft:acacia_planks":2,"graveyard:tg_deepslate_brick_stairs":3,"alexsmobs:animal_dictionary":2,"graveyard:tg_cobbled_deepslate_stairs":4,"born_in_chaos_v1:black_argillite_button":1,"minecraft:rotten_flesh":34,"undead:webshairung":1,"undead:blackpetal":6,"minecraft:gunpowder":1,"born_in_chaos_v1:chipped_black_argillite_brick":2,"minecraft:acacia_slab":2,"minecraft:wooden_shovel":1,"minecraft:arrow":1,"mca:book_rose_gold":3},"minecraft:picked_up":{"graveyard:tg_cobbled_deepslate_stairs":4,"minecraft:crafting_table":2,"minecraft:wheat":279,"tconstruct:materials_and_you":1,"mca:book_rose_gold":2,"minecraft:enchanted_book":2,"born_in_chaos_v1:black_argillite_column":1,"minecraft:string":1,"born_in_chaos_v1:tridenthayfork":1,"minecraft:item_frame":4,"minecraft:experience_bottle":1,"botania:magenta_mystical_flower":2,"xlfoodmod:onion":1,"minecraft:cracked_stone_bricks":1,"minecraft:beef":5,"minecraft:wooden_shovel":1,"minecraft:sugar_cane":7,"minecraft:furnace":1,"minecraft:stick":18,"minecraft:sandstone":3,"botania:yellow_mystical_flower":1,"minecraft:acacia_log":24,"epicfight:skillbook":3,"undead:blackpetal":30,"tombstone:grave_dust":5,"minecraft:tnt":2,"minecraft:orange_bed":1,"minecraft:stone_sword":1,"graveyard:tg_cobbled_deepslate_slab":1,"minecraft:arrow":21,"minecraft:rotten_flesh":69,"minecraft:hay_block":17,"botania:blue_mystical_flower":3,"alexsmobs:emu_egg":2,"minecraft:iron_bars":1,"minecraft:cobblestone":38,"minecraft:oxeye_daisy":1,"minecraft:leather":5,"graveyard:tg_chiseled_deepslate":2,"xlfoodmod:lettuce_seeds":2,"minecraft:lily_pad":1,"born_in_chaos_v1:black_argillite_button":1,"minecraft:gunpowder":1,"mca:book_romance":1,"minecraft:dirt":239,"minecraft:lantern":3,"minecraft:bone":24,"minecraft:acacia_planks":7,"botania:cyan_mystical_flower":2,"minecraft:bow":1,"minecraft:wheat_seeds":584,"minecraft:iron_ingot":2,"born_in_chaos_v1:chipped_black_argillite_brick":2,"minecraft:iron_ore":30,"minecraft:iron_sword":1,"minecraft:book":3,"born_in_chaos_v1:ethereal_spirit":2,"minecraft:diamond_block":1,"minecraft:stripped_spruce_log":1,"graveyard:tg_deepslate_brick_stairs":6,"minecraft:spruce_log":4,"dynamictrees:acacia_seed":6,"sophisticatedbackpacks:iron_backpack":1,"minecraft:ink_sac":2,"minecraft:gold_ore":1,"alexsmobs:animal_dictionary":2,"minecraft:dark_oak_log":1,"minecraft:polished_andesite":1,"minecraft:diamond":1,"graveyard:tg_deepslate_brick_slab":3,"xlfoodmod:corn_seeds":1,"minecraft:bread":4,"minecraft:acacia_slab":2,"minecraft:coal":44},"minecraft:crafted":{"minecraft:wooden_sword":2,"minecraft:coal":9,"minecraft:iron_nugget":9,"sophisticatedbackpacks:crafting_upgrade":1,"minecraft:diamond":9,"quark:acacia_chest":5,"minecraft:iron_boots":1,"minecraft:stone_pickaxe":1,"quark:spruce_chest":1,"sophisticatedbackpacks:iron_backpack":1,"minecraft:wheat":153,"sophisticatedbackpacks:backpack":1,"minecraft:crafting_table":4,"minecraft:spruce_planks":16,"minecraft:iron_helmet":1,"minecraft:golden_pickaxe":1,"botania:lexicon":1,"minecraft:bucket":1,"sophisticatedbackpacks:upgrade_base":1,"minecraft:bread":113,"minecraft:air":0,"minecraft:shield":2,"minecraft:stick":12,"minecraft:iron_ingot":31,"minecraft:iron_pickaxe":1,"minecraft:iron_shovel":1,"minecraft:gold_ingot":9,"minecraft:iron_leggings":1,"minecraft:acacia_planks":76},"minecraft:killed":{"mca:male_zombie_villager":1,"born_in_chaos_v1:restless_spirit":1,"minecraft:skeleton":2,"undead:themoonflower":20,"undead:therotten":1,"minecraft:husk":1,"born_in_chaos_v1:baby_skeleton":1,"born_in_chaos_v1:decrepit_skeleton":1,"minecraft:zombie":8,"undead:thestone":1,"born_in_chaos_v1:dark_vortex":1,"born_in_chaos_v1:baby_skkl":1,"born_in_chaos_v1:zombieswith_door_n":2,"born_in_chaos_v1:firelight_n":2,"undead:the_screecher":12,"minecraft:cow":3},"minecraft:custom":{"minecraft:interact_with_anvil":2,"minecraft:mob_kills":68,"minecraft:interact_with_crafting_table":25,"minecraft:open_barrel":31,"minecraft:bell_ring":5,"minecraft:damage_dealt_resisted":1189,"minecraft:eat_cake_slice":2,"minecraft:leave_game":3,"minecraft:time_since_death":11386,"minecraft:climb_one_cm":581,"minecraft:sprint_one_cm":801109,"minecraft:walk_one_cm":697873,"minecraft:damage_blocked_by_shield":2430,"minecraft:drop":69,"minecraft:deaths":12,"minecraft:sneak_time":3598,"minecraft:walk_under_water_one_cm":4214,"minecraft:jump":3798,"minecraft:walk_on_water_one_cm":13572,"minecraft:interact_with_furnace":29,"minecraft:play_one_minute":241957,"minecraft:interact_with_grindstone":1,"minecraft:sleep_in_bed":7,"minecraft:time_since_rest":11147,"minecraft:waystone_activated":3,"minecraft:damage_taken":6865,"minecraft:trigger_trapped_chest":3,"minecraft:damage_dealt":15526,"minecraft:swim_one_cm":6879,"minecraft:fly_one_cm":927583,"minecraft:open_chest":138,"minecraft:crouch_one_cm":1005,"tombstone:undead_killed":51,"minecraft:fall_one_cm":104338},"minecraft:killed_by":{"undead:thesnatcher":1,"minecraft:creeper":1,"undead:themoonflower":10},"minecraft:mined":{"minecraft:diamond_ore":1,"minecraft:dark_oak_log":1,"minecraft:acacia_log":19,"minecraft:grass_block":170,"botania:cyan_double_flower":1,"minecraft:acacia_slab":2,"minecraft:oxeye_daisy":1,"minecraft:sandstone":4,"minecraft:spawner":6,"minecraft:large_fern":2,"minecraft:hay_block":17,"born_in_chaos_v1:black_argillite_column":2,"botania:magenta_mystical_flower":2,"minecraft:furnace":1,"minecraft:iron_ore":31,"minecraft:diamond_block":1,"minecraft:stripped_spruce_log":1,"minecraft:bookshelf":1,"minecraft:iron_bars":3,"minecraft:lantern":1,"graveyard:tg_cobbled_deepslate_slab":4,"minecraft:stone":37,"minecraft:white_wool":1,"graveyard:tg_chiseled_deepslate":3,"minecraft:glass_pane":2,"minecraft:crafting_table":2,"graveyard:tg_deepslate_brick_stairs":7,"dynamictrees:acacia_leaves":47,"minecraft:tall_grass":9,"born_in_chaos_v1:chipped_black_argillite_brick":1,"botania:blue_mystical_flower":3,"botania:cyan_mystical_flower":2,"minecraft:spruce_log":3,"graveyard:tg_deepslate_brick_slab":4,"dynamictrees:birch_leaves":3,"minecraft:tnt":2,"minecraft:grass":72,"minecraft:coal_ore":44,"minecraft:sand":3,"minecraft:dirt":33,"minecraft:cobweb":1,"minecraft:cracked_stone_bricks":1,"minecraft:acacia_planks":3,"minecraft:polished_andesite":1,"graveyard:tg_cobbled_deepslate_stairs":3,"minecraft:fern":2},"minecraft:broken":{"minecraft:shield":1,"minecraft:wooden_sword":2}},"DataVersion":2586}