{"stats":{"minecraft:mined":{"minecraft:dark_oak_log":1,"dynamictrees:acacia_leaves":47,"minecraft:acacia_log":17,"minecraft:grass_block":1,"botania:cyan_double_flower":1,"minecraft:tall_grass":7,"botania:blue_mystical_flower":3,"minecraft:acacia_slab":2,"minecraft:oxeye_daisy":1,"minecraft:sandstone":4,"minecraft:spawner":3,"minecraft:hay_block":17,"botania:cyan_mystical_flower":2,"botania:magenta_mystical_flower":2,"minecraft:iron_ore":31,"graveyard:tg_deepslate_brick_slab":4,"minecraft:tnt":2,"minecraft:bookshelf":1,"minecraft:grass":47,"minecraft:coal_ore":44,"minecraft:iron_bars":3,"minecraft:lantern":1,"graveyard:tg_cobbled_deepslate_slab":4,"minecraft:sand":3,"minecraft:dirt":4,"minecraft:cobweb":1,"minecraft:polished_andesite":1,"minecraft:cracked_stone_bricks":1,"minecraft:acacia_planks":3,"minecraft:stone":37,"minecraft:white_wool":1},"minecraft:broken":{"minecraft:wooden_sword":2},"minecraft:used":{"alexsmobs:emu_egg":1,"epicfight:skillbook":3,"minecraft:stone_sword":74,"minecraft:acacia_log":2,"minecraft:flint_and_steel":27,"minecraft:stone_pickaxe":108,"minecraft:shield":41,"minecraft:iron_sword":78,"minecraft:dirt":5,"minecraft:crafting_table":1,"quark:acacia_chest":4,"minecraft:iron_axe":5,"minecraft:bread":42,"minecraft:map":1,"minecraft:iron_pickaxe":31,"minecraft:acacia_slab":2,"tombstone:grave_key":6,"minecraft:item_frame":1,"minecraft:wooden_sword":129,"minecraft:cobblestone":32,"tombstone:gift":6,"alexsmobs:animal_dictionary":1,"minecraft:acacia_planks":1,"minecraft:golden_pickaxe":6,"minecraft:experience_bottle":1},"minecraft:killed_by":{"undead:thesnatcher":1,"undead:themoonflower":8},"minecraft:killed":{"minecraft:husk":1,"minecraft:skeleton":2,"minecraft:zombie":5,"undead:thestone":1,"undead:themoonflower":9,"undead:the_screecher":5,"minecraft:cow":3},"minecraft:picked_up":{"minecraft:wheat":249,"minecraft:leather":5,"tconstruct:materials_and_you":1,"mca:book_rose_gold":2,"minecraft:enchanted_book":2,"xlfoodmod:lettuce_seeds":2,"minecraft:gunpowder":1,"mca:book_romance":1,"minecraft:string":1,"minecraft:dirt":5,"minecraft:lantern":1,"botania:magenta_mystical_flower":2,"minecraft:item_frame":1,"botania:cyan_mystical_flower":2,"minecraft:experience_bottle":1,"minecraft:bone":13,"minecraft:acacia_planks":7,"minecraft:cracked_stone_bricks":1,"minecraft:bow":1,"minecraft:wheat_seeds":519,"minecraft:iron_ingot":1,"minecraft:beef":5,"minecraft:iron_ore":30,"minecraft:wooden_shovel":1,"minecraft:sugar_cane":7,"minecraft:book":3,"minecraft:stick":12,"minecraft:sandstone":3,"minecraft:acacia_log":18,"epicfight:skillbook":1,"undead:blackpetal":21,"dynamictrees:acacia_seed":3,"tombstone:grave_dust":1,"minecraft:gold_ore":1,"minecraft:dark_oak_log":1,"alexsmobs:animal_dictionary":2,"minecraft:polished_andesite":1,"minecraft:tnt":2,"graveyard:tg_cobbled_deepslate_slab":1,"minecraft:stone_sword":1,"minecraft:arrow":1,"minecraft:rotten_flesh":42,"botania:blue_mystical_flower":3,"minecraft:hay_block":17,"graveyard:tg_deepslate_brick_slab":3,"alexsmobs:emu_egg":1,"minecraft:bread":3,"minecraft:acacia_slab":2,"minecraft:iron_bars":1,"minecraft:coal":44,"minecraft:cobblestone":38,"minecraft:oxeye_daisy":1},"minecraft:dropped":{"minecraft:bread":3,"minecraft:wheat_seeds":509,"alexsmobs:animal_dictionary":2,"minecraft:cobblestone":3,"minecraft:rotten_flesh":30,"undead:webshairung":1,"undead:blackpetal":6,"minecraft:stick":2,"minecraft:dark_oak_log":1,"mca:book_romance":2,"minecraft:gunpowder":1,"tconstruct:materials_and_you":2,"minecraft:acacia_slab":2,"minecraft:wooden_shovel":1,"minecraft:string":2,"minecraft:acacia_planks":2,"mca:book_rose_gold":3,"dynamictrees:acacia_seed":1},"minecraft:custom":{"minecraft:interact_with_furnace":14,"minecraft:mob_kills":32,"minecraft:interact_with_crafting_table":16,"minecraft:open_barrel":11,"minecraft:play_one_minute":109434,"minecraft:bell_ring":5,"minecraft:damage_dealt_resisted":382,"minecraft:eat_cake_slice":2,"minecraft:leave_game":2,"minecraft:time_since_death":23029,"minecraft:climb_one_cm":306,"minecraft:time_since_rest":22726,"minecraft:waystone_activated":2,"minecraft:sprint_one_cm":365215,"minecraft:damage_taken":4161,"minecraft:walk_one_cm":309234,"minecraft:damage_blocked_by_shield":1740,"minecraft:drop":39,"minecraft:damage_dealt":7129,"minecraft:swim_one_cm":2386,"minecraft:fly_one_cm":414667,"minecraft:open_chest":45,"minecraft:crouch_one_cm":797,"tombstone:undead_killed":23,"minecraft:deaths":9,"minecraft:sneak_time":3405,"minecraft:walk_under_water_one_cm":1346,"minecraft:jump":1678,"minecraft:walk_on_water_one_cm":4267,"minecraft:fall_one_cm":42220},"minecraft:crafted":{"minecraft:wooden_sword":2,"minecraft:crafting_table":1,"minecraft:iron_nugget":9,"minecraft:iron_helmet":1,"botania:lexicon":1,"minecraft:golden_pickaxe":1,"minecraft:bread":113,"minecraft:air":0,"quark:acacia_chest":4,"minecraft:iron_boots":1,"minecraft:shield":1,"minecraft:stick":12,"minecraft:iron_pickaxe":1,"minecraft:iron_ingot":27,"minecraft:stone_pickaxe":1,"minecraft:iron_leggings":1,"minecraft:gold_ingot":9,"minecraft:acacia_planks":52,"minecraft:wheat":153}},"DataVersion":2586}