{"stats":{"minecraft:killed_by":{"undead:thesnatcher":1,"minecraft:skeleton":1},"minecraft:dropped":{"tombstone:gift":1,"minecraft:light_gray_wool":2,"minecraft:lantern":1,"dynamictrees:spruce_seed":6,"quark:blue_crystal_cluster":1,"minecraft:wooden_sword":1,"minecraft:wooden_pickaxe":1,"minecraft:white_wool":1},"minecraft:used":{"minecraft:cooked_mutton":5,"epicfight:skillbook":1,"minecraft:stone_sword":60,"minecraft:stone_pickaxe":129,"minecraft:dried_kelp":3,"minecraft:wooden_pickaxe":17,"minecraft:spruce_planks":8,"minecraft:shield":16,"minecraft:torch":6,"minecraft:dirt":19,"minecraft:crafting_table":4,"minecraft:wooden_axe":12,"quark:spruce_chest":2,"minecraft:iron_pickaxe":244,"tombstone:grave_key":2,"chisel:marble/raw":2,"minecraft:wooden_sword":15,"minecraft:cobblestone":17,"minecraft:cooked_porkchop":4,"minecraft:furnace":4},"minecraft:killed":{"undead:therotten":1,"minecraft:pig":4,"born_in_chaos_v1:restless_spirit":1,"minecraft:sheep":3,"minecraft:skeleton":2,"minecraft:zombie":1,"undead:spitter":1},"minecraft:picked_up":{"minecraft:wheat":13,"minecraft:crafting_table":2,"dynamictrees:spruce_seed":6,"graveyard:tg_chiseled_deepslate":1,"quark:white_crystal_cluster":33,"minecraft:dirt":27,"minecraft:lantern":2,"tombstone:gift":1,"botania:light_blue_mystical_flower":2,"minecraft:bone":1,"minecraft:wheat_seeds":28,"minecraft:spruce_planks":6,"quark:white_crystal":12,"quark:blue_crystal_cluster":1,"quark:tallow":6,"minecraft:iron_ore":143,"minecraft:mossy_stone_bricks":1,"minecraft:light_gray_wool":2,"minecraft:furnace":1,"minecraft:book":3,"minecraft:stick":28,"tconstruct:copper_ore":10,"minecraft:oak_fence":1,"minecraft:torch":4,"chisel:marble/raw":4,"born_in_chaos_v1:ethereal_spirit":1,"minecraft:gravel":1,"epicfight:skillbook":1,"minecraft:porkchop":11,"quark:blue_crystal":2,"tombstone:grave_dust":2,"minecraft:gold_ore":30,"minecraft:spruce_log":16,"minecraft:diamond_block":1,"minecraft:rotten_flesh":3,"minecraft:hay_block":1,"minecraft:black_wool":1,"minecraft:mutton":5,"minecraft:coal":39,"minecraft:white_wool":1,"minecraft:cobblestone":116},"minecraft:custom":{"minecraft:interact_with_smithing_table":1,"minecraft:interact_with_furnace":49,"minecraft:mob_kills":14,"minecraft:interact_with_crafting_table":12,"minecraft:play_one_minute":102209,"minecraft:leave_game":1,"minecraft:time_since_death":68089,"minecraft:climb_one_cm":1160,"minecraft:time_since_rest":67765,"minecraft:waystone_activated":2,"minecraft:sprint_one_cm":177304,"minecraft:damage_taken":1155,"minecraft:walk_one_cm":192291,"minecraft:damage_blocked_by_shield":710,"minecraft:drop":9,"minecraft:damage_dealt":2480,"minecraft:fly_one_cm":197991,"minecraft:open_chest":14,"minecraft:crouch_one_cm":2799,"tombstone:undead_killed":5,"minecraft:deaths":2,"minecraft:sneak_time":1039,"minecraft:jump":1006,"minecraft:walk_on_water_one_cm":1348,"minecraft:fall_one_cm":24007},"minecraft:mined":{"tconstruct:copper_ore":10,"graveyard:tg_polished_deepslate_stairs":3,"minecraft:spruce_planks":5,"graveyard:tg_chiseled_deepslate":1,"minecraft:oak_fence":1,"minecraft:crafting_table":2,"graveyard:tg_deepslate_brick_stairs":1,"minecraft:torch":4,"minecraft:grass_block":4,"quark:stone_speleothem":5,"quark:white_crystal":14,"minecraft:tall_grass":1,"minecraft:cobblestone":2,"quark:indigo_crystal_cluster":2,"minecraft:large_fern":1,"minecraft:hay_block":1,"minecraft:furnace":1,"minecraft:iron_ore":144,"quark:marble":1,"chisel:marble/raw":4,"minecraft:diamond_block":1,"minecraft:grass":9,"minecraft:bookshelf":1,"minecraft:coal_ore":41,"quark:white_crystal_cluster":14,"minecraft:dirt":23,"quark:blue_crystal":2,"minecraft:stone":80,"botania:light_blue_mystical_flower":2,"minecraft:mossy_stone_bricks":1,"minecraft:gold_ore":30,"minecraft:oak_leaves":1,"quark:blue_crystal_cluster":1,"quark:root":1,"quark:indigo_crystal":1},"minecraft:crafted":{"minecraft:wooden_sword":1,"minecraft:cooked_porkchop":11,"minecraft:crafting_table":2,"minecraft:spruce_planks":64,"minecraft:iron_helmet":1,"minecraft:wooden_pickaxe":1,"minecraft:furnace":3,"minecraft:cooked_mutton":5,"minecraft:air":0,"minecraft:diamond":9,"minecraft:iron_boots":1,"minecraft:iron_chestplate":1,"minecraft:shield":1,"minecraft:stick":4,"minecraft:iron_ingot":92,"minecraft:iron_pickaxe":1,"minecraft:stone_pickaxe":1,"minecraft:wooden_axe":1,"minecraft:stone_sword":1,"minecraft:iron_leggings":1,"quark:spruce_chest":2,"minecraft:torch":4}},"DataVersion":2586}