{"stats":{"minecraft:used":{"alexsmobs:emu_egg":2,"minecraft:stone_sword":74,"minecraft:acacia_log":4,"minecraft:flint_and_steel":27,"minecraft:shield":45,"minecraft:iron_sword":167,"minecraft:dirt":5,"minecraft:iron_axe":10,"minecraft:acacia_slab":2,"minecraft:item_frame":1,"minecraft:bow":1,"minecraft:furnace":1,"tombstone:gift":6,"minecraft:acacia_planks":1,"epicfight:skillbook":5,"minecraft:stone_pickaxe":108,"minecraft:crafting_table":2,"quark:acacia_chest":4,"minecraft:bread":63,"minecraft:iron_pickaxe":39,"minecraft:map":1,"tombstone:grave_key":6,"minecraft:wooden_sword":129,"minecraft:cobblestone":32,"alexsmobs:animal_dictionary":1,"minecraft:golden_pickaxe":6,"minecraft:experience_bottle":1},"minecraft:dropped":{"xlfoodmod:corn_seeds":1,"minecraft:bread":4,"minecraft:wheat_seeds":566,"minecraft:cobblestone":3,"minecraft:item_frame":2,"minecraft:stick":2,"minecraft:dark_oak_log":1,"mca:book_romance":2,"tconstruct:materials_and_you":2,"minecraft:orange_bed":1,"minecraft:string":2,"dynamictrees:acacia_seed":1,"minecraft:acacia_planks":2,"alexsmobs:animal_dictionary":2,"minecraft:rotten_flesh":30,"undead:webshairung":1,"undead:blackpetal":6,"minecraft:gunpowder":1,"minecraft:acacia_slab":2,"minecraft:wooden_shovel":1,"mca:book_rose_gold":3},"minecraft:picked_up":{"graveyard:tg_cobbled_deepslate_stairs":2,"minecraft:crafting_table":1,"minecraft:wheat":279,"tconstruct:materials_and_you":1,"mca:book_rose_gold":2,"minecraft:enchanted_book":2,"minecraft:string":1,"minecraft:item_frame":4,"botania:magenta_mystical_flower":2,"minecraft:experience_bottle":1,"minecraft:cracked_stone_bricks":1,"minecraft:beef":5,"minecraft:wooden_shovel":1,"minecraft:sugar_cane":7,"minecraft:furnace":1,"minecraft:stick":18,"minecraft:sandstone":3,"minecraft:acacia_log":24,"epicfight:skillbook":2,"undead:blackpetal":27,"tombstone:grave_dust":2,"minecraft:orange_bed":1,"minecraft:tnt":2,"graveyard:tg_cobbled_deepslate_slab":1,"minecraft:stone_sword":1,"minecraft:arrow":21,"minecraft:rotten_flesh":50,"minecraft:hay_block":17,"botania:blue_mystical_flower":3,"alexsmobs:emu_egg":2,"minecraft:iron_bars":1,"minecraft:cobblestone":38,"minecraft:oxeye_daisy":1,"minecraft:leather":5,"xlfoodmod:lettuce_seeds":2,"minecraft:gunpowder":1,"mca:book_romance":1,"minecraft:dirt":5,"minecraft:lantern":1,"minecraft:bone":21,"minecraft:acacia_planks":7,"botania:cyan_mystical_flower":2,"minecraft:bow":1,"minecraft:wheat_seeds":577,"minecraft:iron_ingot":1,"minecraft:iron_ore":30,"minecraft:iron_sword":1,"minecraft:book":3,"born_in_chaos_v1:ethereal_spirit":1,"graveyard:tg_deepslate_brick_stairs":2,"dynamictrees:acacia_seed":6,"sophisticatedbackpacks:iron_backpack":1,"minecraft:ink_sac":2,"minecraft:gold_ore":1,"alexsmobs:animal_dictionary":2,"minecraft:dark_oak_log":1,"minecraft:polished_andesite":1,"graveyard:tg_deepslate_brick_slab":3,"xlfoodmod:corn_seeds":1,"minecraft:bread":3,"minecraft:acacia_slab":2,"minecraft:coal":44},"minecraft:crafted":{"minecraft:wooden_sword":2,"minecraft:iron_nugget":9,"quark:acacia_chest":5,"minecraft:iron_boots":1,"minecraft:stone_pickaxe":1,"minecraft:wheat":153,"sophisticatedbackpacks:iron_backpack":1,"sophisticatedbackpacks:backpack":1,"minecraft:crafting_table":1,"minecraft:iron_helmet":1,"minecraft:golden_pickaxe":1,"botania:lexicon":1,"minecraft:bread":113,"minecraft:air":0,"minecraft:shield":1,"minecraft:stick":12,"minecraft:iron_ingot":31,"minecraft:iron_pickaxe":1,"minecraft:gold_ingot":9,"minecraft:iron_leggings":1,"minecraft:acacia_planks":64},"minecraft:killed":{"mca:male_zombie_villager":1,"born_in_chaos_v1:restless_spirit":1,"minecraft:skeleton":2,"undead:themoonflower":12,"minecraft:husk":1,"born_in_chaos_v1:decrepit_skeleton":1,"minecraft:zombie":5,"undead:thestone":1,"undead:the_screecher":9,"minecraft:cow":3},"minecraft:custom":{"minecraft:mob_kills":45,"minecraft:interact_with_crafting_table":18,"minecraft:open_barrel":20,"minecraft:bell_ring":5,"minecraft:damage_dealt_resisted":900,"minecraft:eat_cake_slice":2,"minecraft:leave_game":2,"minecraft:time_since_death":65944,"minecraft:climb_one_cm":306,"minecraft:sprint_one_cm":542052,"minecraft:walk_one_cm":453499,"minecraft:damage_blocked_by_shield":1980,"minecraft:drop":44,"minecraft:deaths":9,"minecraft:sneak_time":3441,"minecraft:walk_under_water_one_cm":1438,"minecraft:jump":2419,"minecraft:walk_on_water_one_cm":5481,"minecraft:interact_with_furnace":24,"minecraft:play_one_minute":152349,"minecraft:sleep_in_bed":5,"minecraft:time_since_rest":6990,"minecraft:waystone_activated":2,"minecraft:damage_taken":4954,"minecraft:trigger_trapped_chest":3,"minecraft:damage_dealt":9950,"minecraft:swim_one_cm":3979,"minecraft:fly_one_cm":624655,"minecraft:open_chest":90,"minecraft:crouch_one_cm":797,"tombstone:undead_killed":32,"minecraft:fall_one_cm":66291},"minecraft:mined":{"minecraft:dark_oak_log":1,"minecraft:acacia_log":19,"minecraft:grass_block":1,"botania:cyan_double_flower":1,"minecraft:acacia_slab":2,"minecraft:oxeye_daisy":1,"minecraft:sandstone":4,"minecraft:spawner":5,"minecraft:hay_block":17,"botania:magenta_mystical_flower":2,"minecraft:furnace":1,"minecraft:iron_ore":31,"minecraft:bookshelf":1,"minecraft:iron_bars":3,"minecraft:lantern":1,"graveyard:tg_cobbled_deepslate_slab":4,"minecraft:stone":37,"minecraft:white_wool":1,"minecraft:glass_pane":2,"minecraft:crafting_table":1,"graveyard:tg_deepslate_brick_stairs":2,"dynamictrees:acacia_leaves":47,"minecraft:tall_grass":7,"botania:blue_mystical_flower":3,"botania:cyan_mystical_flower":2,"dynamictrees:birch_leaves":3,"graveyard:tg_deepslate_brick_slab":4,"minecraft:tnt":2,"minecraft:grass":60,"minecraft:coal_ore":44,"minecraft:sand":3,"minecraft:dirt":4,"minecraft:cobweb":1,"minecraft:cracked_stone_bricks":1,"minecraft:acacia_planks":3,"minecraft:polished_andesite":1,"graveyard:tg_cobbled_deepslate_stairs":2},"minecraft:killed_by":{"undead:thesnatcher":1,"undead:themoonflower":8},"minecraft:broken":{"minecraft:wooden_sword":2}},"DataVersion":2586}