{"stats":{"minecraft:killed_by":{"undead_revamp2:sucker":1,"minecraft:skeleton":1,"greekfantasy:python":3},"minecraft:picked_up":{"minecraft:stick":4,"minecraft:wheat":25,"minecraft:oak_log":20,"minecraft:yellow_bed":1,"mca:book_romance":1,"quark:oak_chest":1,"minecraft:dirt":12,"minecraft:string":2,"alexsmobs:animal_dictionary":1,"minecraft:white_carpet":1,"minecraft:apple":3,"minecraft:wheat_seeds":59,"minecraft:hay_block":57,"minecraft:rose_bush":2,"minecraft:spruce_sign":24,"minecraft:oak_leaves":1,"minecraft:cobblestone":13},"minecraft:mined":{"minecraft:hay_block":57,"minecraft:mossy_cobblestone":3,"quark:oak_chest":1,"minecraft:yellow_bed":1,"minecraft:grass":2,"minecraft:grass_block":6,"minecraft:oak_log":38,"minecraft:rose_bush":2,"minecraft:dirt":9,"minecraft:tall_grass":1,"minecraft:cobblestone":4,"minecraft:stone":11,"minecraft:oak_leaves":3,"biomesoplenty:goldenrod":3},"minecraft:dropped":{"minecraft:bread":8,"minecraft:dirt":2,"mca:book_romance":1,"alexsmobs:animal_dictionary":1,"minecraft:rose_bush":2},"minecraft:crafted":{"minecraft:oak_planks":80,"minecraft:crafting_table":1,"minecraft:wooden_pickaxe":1,"minecraft:bread":184,"minecraft:wheat":522},"minecraft:used":{"minecraft:bread":11,"minecraft:wooden_pickaxe":20,"tombstone:grave_key":4,"minecraft:oak_leaves":1,"minecraft:stick":1,"minecraft:dirt":8,"minecraft:cobblestone":15,"minecraft:white_carpet":1,"minecraft:crafting_table":1,"alexsmobs:animal_dictionary":1,"tombstone:gift":1,"minecraft:potato":11},"minecraft:custom":{"minecraft:time_since_rest":3454,"minecraft:sprint_one_cm":173986,"minecraft:damage_taken":1786,"minecraft:walk_one_cm":164230,"minecraft:drop":13,"minecraft:damage_dealt":30,"minecraft:swim_one_cm":5753,"minecraft:interact_with_crafting_table":6,"minecraft:fly_one_cm":82426,"minecraft:open_barrel":1,"minecraft:open_chest":27,"minecraft:crouch_one_cm":2938,"minecraft:play_time":32964,"minecraft:deaths":5,"minecraft:sneak_time":667,"minecraft:walk_under_water_one_cm":2035,"minecraft:jump":363,"minecraft:leave_game":2,"minecraft:time_since_death":3901,"minecraft:walk_on_water_one_cm":7512,"minecraft:total_world_time":32964,"minecraft:climb_one_cm":4379,"minecraft:fall_one_cm":8558}},"DataVersion":3120}