{"stats":{"minecraft:killed":{"minecraft:cave_spider":5,"born_in_chaos_v1:restless_spirit":1,"minecraft:skeleton":1,"undead:themoonflower":7,"undead:lostsoul":1,"artifacts:mimic":1,"born_in_chaos_v1:skeleton_bomb":1,"undead:thesnatcher":2,"minecraft:zombie":8,"undead:thestone":1,"born_in_chaos_v1:diamond_thermite":10,"undead:the_screecher":1,"minecraft:cow":5},"minecraft:crafted":{"minecraft:furnace":1,"minecraft:diamond_leggings":1,"minecraft:stone_pickaxe":2,"minecraft:diamond_boots":1,"minecraft:cooked_beef":6,"minecraft:diamond_sword":1,"minecraft:crafting_table":1,"minecraft:spruce_planks":24,"minecraft:wooden_pickaxe":1,"minecraft:iron_sword":1,"minecraft:bucket":1,"minecraft:stone_axe":1,"minecraft:bread":71,"minecraft:air":0,"minecraft:diamond_pickaxe":1,"minecraft:stick":32,"minecraft:iron_ingot":70,"minecraft:iron_pickaxe":1,"minecraft:wooden_axe":1,"minecraft:acacia_planks":8,"minecraft:torch":80,"minecraft:diamond_chestplate":1},"minecraft:used":{"quark:cobbled_deepslate":53,"minecraft:iron_sword":93,"minecraft:torch":74,"minecraft:dirt":5,"minecraft:wooden_axe":19,"epicfight:stone_greatsword":36,"minecraft:furnace":2,"tombstone:gift":2,"minecraft:trapped_chest":1,"minecraft:cooked_beef":6,"minecraft:acacia_planks":1,"quark:pink_blossom_sapling":2,"epicfight:skillbook":6,"minecraft:water_bucket":80,"minecraft:stone_pickaxe":222,"minecraft:wooden_pickaxe":19,"minecraft:crafting_table":3,"minecraft:diamond_pickaxe":5,"minecraft:apple":4,"minecraft:melon_slice":13,"minecraft:bread":31,"minecraft:iron_pickaxe":159,"tombstone:grave_key":4,"quark:jasper":10,"minecraft:stone_axe":7,"minecraft:diamond_sword":45,"minecraft:cobblestone":27,"botania:magenta_mystical_flower":5,"minecraft:bucket":80},"minecraft:picked_up":{"minecraft:allium":2,"minecraft:crafting_table":2,"minecraft:iron_chestplate":1,"minecraft:wheat":213,"minecraft:flower_pot":1,"minecraft:smithing_table":1,"minecraft:enchanted_book":1,"minecraft:chain":2,"born_in_chaos_v1:black_argillite":5,"born_in_chaos_v1:black_argillite_column":16,"minecraft:string":10,"minecraft:iron_leggings":1,"minecraft:white_carpet":4,"minecraft:item_frame":1,"botania:magenta_mystical_flower":5,"minecraft:beef":11,"minecraft:melon_slice":13,"minecraft:iron_boots":1,"minecraft:furnace":1,"minecraft:stick":17,"minecraft:acacia_fence":1,"minecraft:torch":5,"minecraft:acacia_log":2,"epicfight:skillbook":3,"quark:pink_blossom_sapling":2,"tombstone:grave_dust":2,"minecraft:redstone":9,"minecraft:rotten_flesh":35,"born_in_chaos_v1:diamond_thermite_shard":6,"tombstone:essence_of_undeath":1,"minecraft:cobblestone":54,"minecraft:leather":4,"minecraft:yellow_glazed_terracotta":1,"minecraft:gunpowder":2,"botania:red_mushroom":2,"minecraft:dirt":25,"minecraft:bone":2,"minecraft:acacia_planks":3,"minecraft:wheat_seeds":427,"minecraft:stone_pickaxe":2,"minecraft:cobweb":5,"minecraft:iron_ore":80,"minecraft:rabbit":1,"tconstruct:copper_ore":6,"epicfight:stone_greatsword":1,"chisel:marble/raw":1,"born_in_chaos_v1:black_argillitepressureplate":1,"dynamictrees:acacia_seed":6,"graveyard:tg_deepslate_tile_slab":1,"minecraft:spruce_log":6,"minecraft:gold_ore":16,"minecraft:spider_eye":11,"minecraft:trapped_chest":1,"quark:jasper":14,"quark:cobbled_deepslate":83,"minecraft:stone_axe":1,"minecraft:diamond":35,"born_in_chaos_v1:black_argillite_brick_slab":8,"minecraft:polished_diorite":1,"minecraft:iron_helmet":1,"minecraft:bread":48,"minecraft:coal":61},"minecraft:dropped":{"minecraft:wheat_seeds":220,"botania:red_mushroom":2,"minecraft:item_frame":1,"minecraft:cobweb":5,"minecraft:dirt":3,"mca:book_romance":1,"tconstruct:materials_and_you":1,"minecraft:yellow_glazed_terracotta":1,"tombstone:grave_dust":1,"minecraft:chain":2,"minecraft:string":10,"minecraft:acacia_planks":1,"dynamictrees:acacia_seed":6,"minecraft:bone":4,"minecraft:polished_diorite":1,"minecraft:stone_axe":1,"alexsmobs:animal_dictionary":1,"minecraft:rotten_flesh":13,"minecraft:flower_pot":1,"minecraft:allium":1,"minecraft:spider_eye":9,"minecraft:stone_pickaxe":3,"minecraft:acacia_fence":1,"mca:book_rose_gold":1},"minecraft:killed_by":{"minecraft:creeper":1,"born_in_chaos_v1:skeleton_bomb":1},"minecraft:custom":{"minecraft:interact_with_smithing_table":1,"minecraft:mob_kills":45,"minecraft:interact_with_anvil":3,"minecraft:interact_with_crafting_table":18,"minecraft:damage_dealt_resisted":72,"minecraft:leave_game":1,"minecraft:time_since_death":16498,"minecraft:sprint_one_cm":301428,"minecraft:walk_one_cm":507553,"minecraft:drop":195,"minecraft:deaths":3,"minecraft:sneak_time":2152,"minecraft:walk_under_water_one_cm":9563,"minecraft:jump":2365,"minecraft:walk_on_water_one_cm":47083,"minecraft:interact_with_furnace":23,"minecraft:play_one_minute":151639,"minecraft:interact_with_loom":4,"minecraft:time_since_rest":15933,"minecraft:damage_taken":3022,"minecraft:trigger_trapped_chest":9,"minecraft:damage_dealt":6661,"minecraft:swim_one_cm":7367,"minecraft:fly_one_cm":235696,"minecraft:open_chest":17,"minecraft:crouch_one_cm":4611,"tombstone:undead_killed":22,"minecraft:interact_with_smoker":1,"minecraft:fall_one_cm":49671},"minecraft:mined":{"minecraft:diamond_ore":34,"minecraft:spruce_planks":1,"quark:pink_blossom_sapling":1,"born_in_chaos_v1:infected_diamond_ore":7,"quark:cobbled_deepslate":5,"minecraft:grass_block":2,"born_in_chaos_v1:black_argillite":5,"minecraft:polished_diorite":1,"quark:jasper":16,"born_in_chaos_v1:black_argillite_column":16,"botania:magenta_mystical_flower":2,"minecraft:furnace":1,"minecraft:iron_ore":67,"born_in_chaos_v1:black_argillite_brick_slab":6,"minecraft:fire":4,"chisel:marble/raw":1,"minecraft:stone":56,"minecraft:potted_allium":1,"tconstruct:copper_ore":6,"minecraft:smithing_table":1,"chisel:basalt/raw":6,"minecraft:acacia_leaves":2,"minecraft:crafting_table":1,"quark:stone_speleothem":3,"minecraft:tall_grass":3,"minecraft:cobblestone":1,"minecraft:wall_torch":5,"minecraft:trapped_chest":1,"minecraft:spruce_log":6,"quark:deepslate":80,"minecraft:grass_path":2,"minecraft:grass":6,"graveyard:tg_deepslate_tile_slab":2,"minecraft:coal_ore":61,"minecraft:acacia_fence":1,"minecraft:dirt":5,"minecraft:acacia_planks":3,"minecraft:gold_ore":15,"minecraft:birch_fence":1}},"DataVersion":2586}