{"stats":{"minecraft:used":{"epicfight:skillbook":4,"minecraft:stone_pickaxe":154,"minecraft:wooden_pickaxe":19,"minecraft:iron_sword":32,"minecraft:torch":41,"minecraft:crafting_table":2,"minecraft:wooden_axe":19,"minecraft:apple":4,"minecraft:bread":12,"minecraft:iron_pickaxe":31,"quark:jasper":10,"minecraft:stone_axe":2,"minecraft:cobblestone":19,"minecraft:furnace":1,"quark:pink_blossom_sapling":2},"minecraft:dropped":{"minecraft:stone_axe":1,"minecraft:wheat_seeds":155,"alexsmobs:animal_dictionary":1,"minecraft:rotten_flesh":2,"botania:red_mushroom":1,"minecraft:cobweb":5,"minecraft:dirt":3,"mca:book_romance":1,"tconstruct:materials_and_you":1,"minecraft:chain":2,"minecraft:spider_eye":3,"minecraft:stone_pickaxe":2,"minecraft:string":5,"mca:book_rose_gold":1,"dynamictrees:acacia_seed":2,"minecraft:bone":4},"minecraft:picked_up":{"minecraft:iron_chestplate":1,"minecraft:crafting_table":2,"minecraft:wheat":63,"minecraft:leather":2,"minecraft:chain":2,"minecraft:gunpowder":2,"botania:red_mushroom":2,"born_in_chaos_v1:black_argillite_column":16,"minecraft:dirt":3,"minecraft:string":5,"minecraft:iron_leggings":1,"minecraft:wheat_seeds":155,"minecraft:beef":6,"minecraft:stone_pickaxe":1,"minecraft:cobweb":5,"minecraft:iron_ore":70,"minecraft:iron_boots":1,"minecraft:furnace":1,"minecraft:stick":10,"tconstruct:copper_ore":6,"chisel:marble/raw":1,"minecraft:torch":4,"born_in_chaos_v1:black_argillitepressureplate":1,"epicfight:skillbook":2,"quark:pink_blossom_sapling":2,"dynamictrees:acacia_seed":4,"minecraft:spruce_log":6,"minecraft:redstone":9,"minecraft:gold_ore":14,"minecraft:spider_eye":5,"quark:jasper":14,"quark:cobbled_deepslate":1,"minecraft:rotten_flesh":9,"minecraft:diamond":12,"born_in_chaos_v1:black_argillite_brick_slab":8,"minecraft:stone_axe":1,"minecraft:iron_helmet":1,"minecraft:coal":27,"minecraft:cobblestone":46},"minecraft:crafted":{"minecraft:crafting_table":1,"minecraft:spruce_planks":24,"minecraft:wooden_pickaxe":1,"minecraft:iron_sword":1,"minecraft:furnace":1,"minecraft:stone_axe":1,"minecraft:bread":21,"minecraft:air":0,"minecraft:stick":16,"minecraft:iron_ingot":9,"minecraft:iron_pickaxe":1,"minecraft:stone_pickaxe":2,"minecraft:wooden_axe":1,"minecraft:torch":48},"minecraft:killed":{"minecraft:cave_spider":1,"born_in_chaos_v1:restless_spirit":1,"born_in_chaos_v1:skeleton_bomb":1,"undead:thesnatcher":1,"minecraft:zombie":5,"undead:themoonflower":1,"minecraft:cow":2},"minecraft:custom":{"minecraft:interact_with_furnace":6,"minecraft:interact_with_anvil":2,"minecraft:mob_kills":11,"minecraft:interact_with_crafting_table":10,"minecraft:play_one_minute":50599,"minecraft:time_since_death":4570,"minecraft:time_since_rest":4044,"minecraft:sprint_one_cm":98644,"minecraft:damage_taken":978,"minecraft:walk_one_cm":162713,"minecraft:trigger_trapped_chest":1,"minecraft:drop":176,"minecraft:damage_dealt":1916,"minecraft:swim_one_cm":2084,"minecraft:fly_one_cm":97161,"minecraft:open_chest":4,"minecraft:crouch_one_cm":3691,"tombstone:undead_killed":8,"minecraft:deaths":1,"minecraft:sneak_time":1575,"minecraft:walk_under_water_one_cm":2738,"minecraft:jump":799,"minecraft:walk_on_water_one_cm":6542,"minecraft:fall_one_cm":16804},"minecraft:killed_by":{"born_in_chaos_v1:skeleton_bomb":1},"minecraft:mined":{"tconstruct:copper_ore":6,"minecraft:diamond_ore":12,"quark:pink_blossom_sapling":1,"minecraft:crafting_table":1,"minecraft:grass_block":1,"quark:stone_speleothem":2,"minecraft:tall_grass":1,"minecraft:wall_torch":4,"quark:jasper":16,"born_in_chaos_v1:black_argillite_column":16,"minecraft:furnace":1,"minecraft:iron_ore":57,"born_in_chaos_v1:black_argillite_brick_slab":6,"minecraft:spruce_log":6,"chisel:marble/raw":1,"quark:deepslate":1,"minecraft:grass":4,"minecraft:coal_ore":27,"minecraft:dirt":1,"minecraft:stone":44,"minecraft:gold_ore":14}},"DataVersion":2586}