{"stats":{"minecraft:used":{"minecraft:water_bucket":38,"epicfight:skillbook":4,"quark:cobbled_deepslate":13,"minecraft:stone_pickaxe":222,"minecraft:wooden_pickaxe":19,"minecraft:iron_sword":93,"minecraft:torch":50,"minecraft:dirt":1,"minecraft:crafting_table":3,"minecraft:wooden_axe":19,"minecraft:diamond_pickaxe":1,"minecraft:apple":4,"minecraft:melon_slice":8,"minecraft:bread":21,"minecraft:iron_pickaxe":54,"epicfight:stone_greatsword":2,"quark:jasper":10,"minecraft:stone_axe":7,"minecraft:diamond_sword":16,"minecraft:cobblestone":27,"minecraft:furnace":2,"botania:magenta_mystical_flower":1,"minecraft:bucket":38,"minecraft:acacia_planks":1,"tombstone:gift":2,"minecraft:trapped_chest":1,"quark:pink_blossom_sapling":2},"minecraft:dropped":{"minecraft:stone_axe":1,"minecraft:wheat_seeds":156,"alexsmobs:animal_dictionary":1,"minecraft:rotten_flesh":12,"botania:red_mushroom":2,"minecraft:cobweb":5,"minecraft:dirt":3,"mca:book_romance":1,"tconstruct:materials_and_you":1,"tombstone:grave_dust":1,"minecraft:chain":2,"minecraft:spider_eye":9,"minecraft:stone_pickaxe":3,"minecraft:string":7,"minecraft:acacia_planks":1,"mca:book_rose_gold":1,"dynamictrees:acacia_seed":6,"minecraft:bone":4},"minecraft:picked_up":{"minecraft:iron_chestplate":1,"minecraft:crafting_table":2,"minecraft:wheat":63,"minecraft:leather":2,"minecraft:enchanted_book":1,"minecraft:chain":2,"minecraft:gunpowder":2,"botania:red_mushroom":2,"born_in_chaos_v1:black_argillite":5,"born_in_chaos_v1:black_argillite_column":16,"minecraft:dirt":5,"minecraft:string":7,"minecraft:iron_leggings":1,"minecraft:bone":2,"minecraft:item_frame":1,"botania:magenta_mystical_flower":2,"minecraft:acacia_planks":2,"minecraft:wheat_seeds":157,"minecraft:beef":6,"minecraft:stone_pickaxe":2,"minecraft:cobweb":5,"minecraft:iron_ore":70,"minecraft:rabbit":1,"minecraft:melon_slice":13,"minecraft:iron_boots":1,"minecraft:furnace":1,"minecraft:stick":17,"tconstruct:copper_ore":6,"epicfight:stone_greatsword":1,"chisel:marble/raw":1,"minecraft:torch":4,"born_in_chaos_v1:black_argillitepressureplate":1,"epicfight:skillbook":2,"quark:pink_blossom_sapling":2,"dynamictrees:acacia_seed":6,"minecraft:trapped_chest":1,"tombstone:grave_dust":2,"minecraft:spruce_log":6,"minecraft:redstone":9,"minecraft:gold_ore":16,"minecraft:spider_eye":9,"quark:jasper":14,"quark:cobbled_deepslate":48,"born_in_chaos_v1:diamond_thermite_shard":3,"minecraft:rotten_flesh":28,"minecraft:diamond":28,"born_in_chaos_v1:black_argillite_brick_slab":8,"minecraft:polished_diorite":1,"minecraft:stone_axe":1,"minecraft:iron_helmet":1,"tombstone:essence_of_undeath":1,"minecraft:coal":29,"minecraft:cobblestone":48},"minecraft:crafted":{"minecraft:diamond_sword":1,"minecraft:crafting_table":1,"minecraft:spruce_planks":24,"minecraft:wooden_pickaxe":1,"minecraft:iron_sword":1,"minecraft:furnace":1,"minecraft:bucket":1,"minecraft:stone_axe":1,"minecraft:bread":21,"minecraft:air":0,"minecraft:diamond_leggings":1,"minecraft:diamond_pickaxe":1,"minecraft:stick":16,"minecraft:diamond_boots":1,"minecraft:iron_ingot":70,"minecraft:iron_pickaxe":1,"minecraft:stone_pickaxe":2,"minecraft:wooden_axe":1,"minecraft:torch":48,"minecraft:diamond_chestplate":1},"minecraft:killed":{"minecraft:cave_spider":2,"born_in_chaos_v1:restless_spirit":1,"born_in_chaos_v1:skeleton_bomb":1,"undead:thesnatcher":1,"minecraft:skeleton":1,"minecraft:zombie":6,"undead:thestone":1,"born_in_chaos_v1:diamond_thermite":4,"undead:themoonflower":6,"undead:the_screecher":1,"minecraft:cow":2},"minecraft:custom":{"minecraft:interact_with_furnace":17,"minecraft:interact_with_anvil":2,"minecraft:mob_kills":26,"minecraft:interact_with_crafting_table":13,"minecraft:play_one_minute":86599,"minecraft:time_since_death":21911,"minecraft:time_since_rest":21642,"minecraft:sprint_one_cm":147091,"minecraft:damage_taken":1882,"minecraft:walk_one_cm":295192,"minecraft:trigger_trapped_chest":4,"minecraft:drop":186,"minecraft:damage_dealt":4626,"minecraft:swim_one_cm":2084,"minecraft:fly_one_cm":131835,"minecraft:open_chest":5,"minecraft:crouch_one_cm":3691,"tombstone:undead_killed":17,"minecraft:deaths":2,"minecraft:sneak_time":1575,"minecraft:walk_under_water_one_cm":3783,"minecraft:jump":1429,"minecraft:walk_on_water_one_cm":28382,"minecraft:fall_one_cm":27218},"minecraft:killed_by":{"born_in_chaos_v1:skeleton_bomb":1},"minecraft:mined":{"tconstruct:copper_ore":6,"minecraft:diamond_ore":27,"chisel:basalt/raw":6,"minecraft:spruce_planks":1,"quark:pink_blossom_sapling":1,"born_in_chaos_v1:infected_diamond_ore":3,"minecraft:crafting_table":1,"minecraft:grass_block":1,"quark:stone_speleothem":2,"born_in_chaos_v1:black_argillite":5,"minecraft:tall_grass":2,"minecraft:polished_diorite":1,"minecraft:wall_torch":4,"quark:jasper":16,"botania:magenta_mystical_flower":1,"born_in_chaos_v1:black_argillite_column":16,"minecraft:trapped_chest":1,"minecraft:furnace":1,"minecraft:iron_ore":57,"born_in_chaos_v1:black_argillite_brick_slab":6,"minecraft:grass_path":1,"minecraft:spruce_log":6,"chisel:marble/raw":1,"quark:deepslate":50,"minecraft:grass":4,"minecraft:coal_ore":29,"minecraft:dirt":3,"minecraft:acacia_planks":2,"minecraft:stone":50,"minecraft:gold_ore":15}},"DataVersion":2586}