{"stats":{"minecraft:dropped":{"minecraft:dirt":1,"minecraft:stone_axe":1,"mca:book_romance":1,"tconstruct:materials_and_you":1,"alexsmobs:animal_dictionary":1,"mca:book_rose_gold":1},"minecraft:picked_up":{"minecraft:iron_chestplate":1,"minecraft:iron_leggings":1,"minecraft:stone_axe":1,"minecraft:iron_helmet":1,"minecraft:dirt":1,"minecraft:iron_boots":1},"minecraft:custom":{"minecraft:time_since_rest":8599,"minecraft:play_one_minute":8599,"minecraft:sprint_one_cm":23371,"minecraft:damage_taken":106,"minecraft:walk_one_cm":25791,"minecraft:sneak_time":2,"minecraft:trigger_trapped_chest":1,"minecraft:interact_with_anvil":1,"minecraft:drop":6,"minecraft:jump":164,"minecraft:damage_dealt":18,"minecraft:time_since_death":8599,"minecraft:walk_on_water_one_cm":270,"minecraft:interact_with_crafting_table":1,"minecraft:fall_one_cm":5195,"minecraft:fly_one_cm":31997},"minecraft:mined":{"minecraft:grass":1,"minecraft:dirt":1}},"DataVersion":2586}