{"stats":{"minecraft:used":{"epicfight:skillbook":4,"minecraft:stone_pickaxe":121,"minecraft:wooden_pickaxe":19,"minecraft:torch":16,"minecraft:crafting_table":2,"minecraft:wooden_axe":19,"minecraft:apple":4,"minecraft:bread":5,"quark:jasper":4,"minecraft:stone_axe":2,"minecraft:furnace":1,"quark:pink_blossom_sapling":2},"minecraft:dropped":{"minecraft:stone_axe":1,"minecraft:wheat_seeds":155,"alexsmobs:animal_dictionary":1,"minecraft:rotten_flesh":2,"minecraft:dirt":2,"mca:book_romance":1,"tconstruct:materials_and_you":1,"minecraft:spider_eye":1,"mca:book_rose_gold":1},"minecraft:picked_up":{"minecraft:iron_chestplate":1,"minecraft:crafting_table":2,"minecraft:wheat":63,"minecraft:leather":2,"born_in_chaos_v1:black_argillite_column":16,"minecraft:dirt":3,"minecraft:string":3,"minecraft:iron_leggings":1,"minecraft:wheat_seeds":155,"minecraft:beef":6,"minecraft:iron_ore":32,"minecraft:iron_boots":1,"minecraft:furnace":1,"minecraft:stick":10,"tconstruct:copper_ore":6,"chisel:marble/raw":1,"minecraft:torch":2,"born_in_chaos_v1:black_argillitepressureplate":1,"epicfight:skillbook":2,"quark:pink_blossom_sapling":2,"dynamictrees:acacia_seed":2,"minecraft:spruce_log":6,"minecraft:spider_eye":2,"quark:jasper":14,"minecraft:rotten_flesh":6,"born_in_chaos_v1:black_argillite_brick_slab":8,"minecraft:stone_axe":1,"minecraft:iron_helmet":1,"minecraft:coal":25,"minecraft:cobblestone":32},"minecraft:crafted":{"minecraft:crafting_table":1,"minecraft:spruce_planks":24,"minecraft:wooden_pickaxe":1,"minecraft:iron_sword":1,"minecraft:furnace":1,"minecraft:stone_axe":1,"minecraft:bread":21,"minecraft:air":0,"minecraft:stick":16,"minecraft:iron_ingot":9,"minecraft:iron_pickaxe":1,"minecraft:stone_pickaxe":2,"minecraft:wooden_axe":1,"minecraft:torch":48},"minecraft:killed":{"undead:thesnatcher":1,"minecraft:zombie":1,"undead:themoonflower":1,"minecraft:cow":2},"minecraft:custom":{"minecraft:interact_with_furnace":6,"minecraft:interact_with_anvil":2,"minecraft:mob_kills":4,"minecraft:interact_with_crafting_table":10,"minecraft:play_one_minute":38599,"minecraft:time_since_death":38599,"minecraft:time_since_rest":38599,"minecraft:sprint_one_cm":85841,"minecraft:damage_taken":320,"minecraft:walk_one_cm":114667,"minecraft:trigger_trapped_chest":1,"minecraft:drop":165,"minecraft:damage_dealt":827,"minecraft:swim_one_cm":2084,"minecraft:fly_one_cm":90329,"minecraft:open_chest":4,"minecraft:crouch_one_cm":2684,"tombstone:undead_killed":3,"minecraft:sneak_time":991,"minecraft:walk_under_water_one_cm":2302,"minecraft:jump":621,"minecraft:walk_on_water_one_cm":5383,"minecraft:fall_one_cm":13361},"minecraft:mined":{"tconstruct:copper_ore":6,"quark:pink_blossom_sapling":1,"minecraft:crafting_table":1,"minecraft:grass_block":1,"quark:stone_speleothem":1,"minecraft:tall_grass":1,"minecraft:wall_torch":2,"quark:jasper":16,"born_in_chaos_v1:black_argillite_column":16,"minecraft:furnace":1,"minecraft:iron_ore":32,"born_in_chaos_v1:black_argillite_brick_slab":6,"minecraft:spruce_log":6,"chisel:marble/raw":1,"minecraft:grass":4,"minecraft:coal_ore":25,"minecraft:dirt":1,"minecraft:stone":35}},"DataVersion":2586}