{"stats":{"minecraft:used":{"minecraft:wooden_axe":6,"epicfight:skillbook":4,"minecraft:apple":3,"minecraft:bread":4,"minecraft:crafting_table":1},"minecraft:dropped":{"minecraft:dirt":2,"minecraft:stone_axe":1,"mca:book_romance":1,"minecraft:wheat_seeds":155,"tconstruct:materials_and_you":1,"alexsmobs:animal_dictionary":1,"minecraft:rotten_flesh":2,"mca:book_rose_gold":1},"minecraft:picked_up":{"minecraft:crafting_table":1,"minecraft:iron_chestplate":1,"minecraft:wheat":63,"epicfight:skillbook":2,"minecraft:spruce_log":6,"minecraft:spider_eye":1,"minecraft:string":2,"minecraft:dirt":3,"minecraft:iron_leggings":1,"minecraft:rotten_flesh":5,"minecraft:stone_axe":1,"minecraft:wheat_seeds":155,"minecraft:iron_helmet":1,"minecraft:iron_boots":1},"minecraft:crafted":{"minecraft:spruce_planks":24,"minecraft:stick":12,"minecraft:wooden_axe":1,"minecraft:bread":21},"minecraft:killed":{"undead:themoonflower":1},"minecraft:custom":{"minecraft:time_since_rest":20599,"minecraft:walk_one_cm":66754,"minecraft:sprint_one_cm":46470,"minecraft:interact_with_furnace":2,"minecraft:damage_taken":257,"minecraft:trigger_trapped_chest":1,"minecraft:interact_with_anvil":2,"minecraft:drop":164,"minecraft:damage_dealt":276,"minecraft:swim_one_cm":1318,"minecraft:interact_with_crafting_table":3,"minecraft:fly_one_cm":63867,"minecraft:open_chest":4,"minecraft:crouch_one_cm":990,"minecraft:play_one_minute":20599,"tombstone:undead_killed":1,"minecraft:sneak_time":458,"minecraft:walk_under_water_one_cm":2149,"minecraft:jump":370,"minecraft:walk_on_water_one_cm":5072,"minecraft:time_since_death":20599,"minecraft:fall_one_cm":9667},"minecraft:mined":{"minecraft:spruce_log":6,"minecraft:grass":4,"minecraft:grass_block":1,"minecraft:dirt":1}},"DataVersion":2586}