{"stats":{"minecraft:killed":{"minecraft:cave_spider":2,"born_in_chaos_v1:restless_spirit":1,"minecraft:skeleton":1,"undead:themoonflower":7,"undead:lostsoul":1,"born_in_chaos_v1:skeleton_bomb":1,"undead:thesnatcher":1,"minecraft:zombie":6,"undead:thestone":1,"born_in_chaos_v1:diamond_thermite":4,"undead:the_screecher":1,"minecraft:cow":2},"minecraft:crafted":{"minecraft:furnace":1,"minecraft:diamond_leggings":1,"minecraft:stone_pickaxe":2,"minecraft:diamond_boots":1,"minecraft:cooked_beef":6,"minecraft:diamond_sword":1,"minecraft:crafting_table":1,"minecraft:spruce_planks":24,"minecraft:wooden_pickaxe":1,"minecraft:iron_sword":1,"minecraft:bucket":1,"minecraft:stone_axe":1,"minecraft:bread":21,"minecraft:air":0,"minecraft:diamond_pickaxe":1,"minecraft:stick":16,"minecraft:iron_ingot":70,"minecraft:iron_pickaxe":1,"minecraft:wooden_axe":1,"minecraft:torch":48,"minecraft:diamond_chestplate":1},"minecraft:used":{"quark:cobbled_deepslate":26,"minecraft:iron_sword":93,"minecraft:torch":50,"minecraft:dirt":5,"minecraft:wooden_axe":19,"epicfight:stone_greatsword":5,"minecraft:furnace":2,"tombstone:gift":2,"minecraft:trapped_chest":1,"minecraft:cooked_beef":5,"minecraft:acacia_planks":1,"quark:pink_blossom_sapling":2,"epicfight:skillbook":5,"minecraft:water_bucket":80,"minecraft:stone_pickaxe":222,"minecraft:wooden_pickaxe":19,"minecraft:crafting_table":3,"minecraft:diamond_pickaxe":3,"minecraft:apple":4,"minecraft:melon_slice":13,"minecraft:bread":21,"minecraft:iron_pickaxe":65,"quark:jasper":10,"minecraft:stone_axe":7,"minecraft:diamond_sword":30,"minecraft:cobblestone":27,"botania:magenta_mystical_flower":5,"minecraft:bucket":80},"minecraft:picked_up":{"minecraft:crafting_table":2,"minecraft:iron_chestplate":1,"minecraft:wheat":63,"minecraft:enchanted_book":1,"minecraft:chain":2,"born_in_chaos_v1:black_argillite":5,"born_in_chaos_v1:black_argillite_column":16,"minecraft:string":7,"minecraft:iron_leggings":1,"minecraft:white_carpet":4,"minecraft:item_frame":1,"botania:magenta_mystical_flower":5,"minecraft:beef":6,"minecraft:melon_slice":13,"minecraft:iron_boots":1,"minecraft:furnace":1,"minecraft:stick":17,"minecraft:acacia_fence":1,"minecraft:torch":4,"epicfight:skillbook":3,"quark:pink_blossom_sapling":2,"tombstone:grave_dust":2,"minecraft:redstone":9,"minecraft:rotten_flesh":34,"born_in_chaos_v1:diamond_thermite_shard":3,"tombstone:essence_of_undeath":1,"minecraft:cobblestone":49,"minecraft:leather":2,"minecraft:gunpowder":2,"botania:red_mushroom":2,"minecraft:dirt":8,"minecraft:bone":2,"minecraft:acacia_planks":3,"minecraft:wheat_seeds":157,"minecraft:stone_pickaxe":2,"minecraft:cobweb":5,"minecraft:iron_ore":70,"minecraft:rabbit":1,"tconstruct:copper_ore":6,"epicfight:stone_greatsword":1,"chisel:marble/raw":1,"born_in_chaos_v1:black_argillitepressureplate":1,"dynamictrees:acacia_seed":6,"minecraft:spruce_log":6,"minecraft:gold_ore":16,"minecraft:spider_eye":9,"minecraft:trapped_chest":1,"quark:jasper":14,"quark:cobbled_deepslate":53,"minecraft:stone_axe":1,"minecraft:diamond":28,"born_in_chaos_v1:black_argillite_brick_slab":8,"minecraft:polished_diorite":1,"minecraft:iron_helmet":1,"minecraft:coal":29},"minecraft:dropped":{"minecraft:wheat_seeds":156,"botania:red_mushroom":2,"minecraft:item_frame":1,"minecraft:cobweb":5,"minecraft:dirt":3,"mca:book_romance":1,"tconstruct:materials_and_you":1,"tombstone:grave_dust":1,"minecraft:chain":2,"minecraft:string":7,"minecraft:acacia_planks":1,"dynamictrees:acacia_seed":6,"minecraft:bone":4,"minecraft:stone_axe":1,"alexsmobs:animal_dictionary":1,"minecraft:rotten_flesh":12,"minecraft:spider_eye":9,"minecraft:stone_pickaxe":3,"mca:book_rose_gold":1},"minecraft:killed_by":{"born_in_chaos_v1:skeleton_bomb":1},"minecraft:custom":{"minecraft:mob_kills":28,"minecraft:interact_with_anvil":2,"minecraft:interact_with_crafting_table":13,"minecraft:damage_dealt_resisted":72,"minecraft:leave_game":1,"minecraft:time_since_death":56951,"minecraft:sprint_one_cm":197935,"minecraft:walk_one_cm":368808,"minecraft:drop":187,"minecraft:deaths":2,"minecraft:sneak_time":1895,"minecraft:walk_under_water_one_cm":3951,"minecraft:jump":1765,"minecraft:walk_on_water_one_cm":29695,"minecraft:interact_with_furnace":19,"minecraft:play_one_minute":121639,"minecraft:interact_with_loom":4,"minecraft:time_since_rest":56682,"minecraft:damage_taken":2354,"minecraft:trigger_trapped_chest":4,"minecraft:damage_dealt":5597,"minecraft:swim_one_cm":2084,"minecraft:fly_one_cm":161969,"minecraft:open_chest":7,"minecraft:crouch_one_cm":4038,"tombstone:undead_killed":19,"minecraft:fall_one_cm":36028},"minecraft:mined":{"minecraft:diamond_ore":27,"minecraft:spruce_planks":1,"quark:pink_blossom_sapling":1,"born_in_chaos_v1:infected_diamond_ore":3,"quark:cobbled_deepslate":5,"minecraft:grass_block":1,"born_in_chaos_v1:black_argillite":5,"minecraft:polished_diorite":1,"quark:jasper":16,"born_in_chaos_v1:black_argillite_column":16,"botania:magenta_mystical_flower":2,"minecraft:furnace":1,"minecraft:iron_ore":57,"born_in_chaos_v1:black_argillite_brick_slab":6,"chisel:marble/raw":1,"minecraft:stone":50,"tconstruct:copper_ore":6,"chisel:basalt/raw":6,"minecraft:acacia_leaves":2,"minecraft:crafting_table":1,"quark:stone_speleothem":2,"minecraft:tall_grass":3,"minecraft:cobblestone":1,"minecraft:wall_torch":4,"minecraft:trapped_chest":1,"minecraft:spruce_log":6,"quark:deepslate":50,"minecraft:grass_path":2,"minecraft:grass":4,"minecraft:coal_ore":29,"minecraft:acacia_fence":1,"minecraft:dirt":5,"minecraft:acacia_planks":3,"minecraft:gold_ore":15}},"DataVersion":2586}