{"stats":{"minecraft:used":{"epicfight:skillbook":4,"quark:cobbled_deepslate":13,"minecraft:stone_pickaxe":222,"minecraft:wooden_pickaxe":19,"minecraft:iron_sword":93,"minecraft:torch":50,"minecraft:crafting_table":3,"minecraft:wooden_axe":19,"minecraft:apple":4,"minecraft:bread":21,"minecraft:iron_pickaxe":51,"quark:jasper":10,"minecraft:stone_axe":5,"minecraft:cobblestone":27,"minecraft:furnace":1,"tombstone:gift":2,"quark:pink_blossom_sapling":2},"minecraft:dropped":{"minecraft:stone_axe":1,"minecraft:wheat_seeds":155,"alexsmobs:animal_dictionary":1,"minecraft:rotten_flesh":12,"botania:red_mushroom":1,"minecraft:cobweb":5,"minecraft:dirt":3,"mca:book_romance":1,"tconstruct:materials_and_you":1,"tombstone:grave_dust":1,"minecraft:chain":2,"minecraft:spider_eye":9,"minecraft:stone_pickaxe":2,"minecraft:string":7,"mca:book_rose_gold":1,"dynamictrees:acacia_seed":2,"minecraft:bone":4},"minecraft:picked_up":{"minecraft:iron_chestplate":1,"minecraft:crafting_table":2,"minecraft:wheat":63,"minecraft:leather":2,"minecraft:enchanted_book":1,"minecraft:chain":2,"minecraft:gunpowder":2,"botania:red_mushroom":2,"born_in_chaos_v1:black_argillite":5,"born_in_chaos_v1:black_argillite_column":16,"minecraft:dirt":3,"minecraft:string":7,"minecraft:iron_leggings":1,"minecraft:acacia_planks":1,"minecraft:wheat_seeds":156,"minecraft:beef":6,"minecraft:stone_pickaxe":1,"minecraft:cobweb":5,"minecraft:iron_ore":70,"minecraft:melon_slice":13,"minecraft:iron_boots":1,"minecraft:furnace":1,"minecraft:stick":17,"tconstruct:copper_ore":6,"chisel:marble/raw":1,"minecraft:torch":4,"born_in_chaos_v1:black_argillitepressureplate":1,"epicfight:skillbook":2,"quark:pink_blossom_sapling":2,"dynamictrees:acacia_seed":6,"tombstone:grave_dust":1,"minecraft:spruce_log":6,"minecraft:redstone":9,"minecraft:gold_ore":16,"minecraft:spider_eye":9,"quark:jasper":14,"quark:cobbled_deepslate":48,"born_in_chaos_v1:diamond_thermite_shard":3,"minecraft:rotten_flesh":12,"minecraft:diamond":26,"born_in_chaos_v1:black_argillite_brick_slab":8,"minecraft:stone_axe":1,"minecraft:iron_helmet":1,"tombstone:essence_of_undeath":1,"minecraft:coal":29,"minecraft:cobblestone":48},"minecraft:crafted":{"minecraft:diamond_sword":1,"minecraft:crafting_table":1,"minecraft:spruce_planks":24,"minecraft:wooden_pickaxe":1,"minecraft:iron_sword":1,"minecraft:furnace":1,"minecraft:stone_axe":1,"minecraft:bread":21,"minecraft:air":0,"minecraft:diamond_leggings":1,"minecraft:diamond_pickaxe":1,"minecraft:stick":16,"minecraft:iron_ingot":9,"minecraft:iron_pickaxe":1,"minecraft:stone_pickaxe":2,"minecraft:wooden_axe":1,"minecraft:torch":48,"minecraft:diamond_chestplate":1},"minecraft:killed":{"minecraft:cave_spider":2,"born_in_chaos_v1:restless_spirit":1,"born_in_chaos_v1:skeleton_bomb":1,"undead:thesnatcher":1,"minecraft:skeleton":1,"minecraft:zombie":6,"undead:thestone":1,"born_in_chaos_v1:diamond_thermite":4,"undead:themoonflower":4,"minecraft:cow":2},"minecraft:custom":{"minecraft:interact_with_furnace":9,"minecraft:interact_with_anvil":2,"minecraft:mob_kills":23,"minecraft:interact_with_crafting_table":12,"minecraft:play_one_minute":68599,"minecraft:time_since_death":3911,"minecraft:time_since_rest":3642,"minecraft:sprint_one_cm":119271,"minecraft:damage_taken":1716,"minecraft:walk_one_cm":226627,"minecraft:trigger_trapped_chest":1,"minecraft:drop":181,"minecraft:damage_dealt":3648,"minecraft:swim_one_cm":2084,"minecraft:fly_one_cm":119046,"minecraft:open_chest":4,"minecraft:crouch_one_cm":3691,"tombstone:undead_killed":14,"minecraft:deaths":2,"minecraft:sneak_time":1575,"minecraft:walk_under_water_one_cm":3783,"minecraft:jump":1093,"minecraft:walk_on_water_one_cm":15379,"minecraft:fall_one_cm":22417},"minecraft:killed_by":{"born_in_chaos_v1:skeleton_bomb":1},"minecraft:mined":{"tconstruct:copper_ore":6,"minecraft:diamond_ore":27,"chisel:basalt/raw":6,"quark:pink_blossom_sapling":1,"born_in_chaos_v1:infected_diamond_ore":3,"minecraft:crafting_table":1,"minecraft:grass_block":1,"quark:stone_speleothem":2,"born_in_chaos_v1:black_argillite":5,"minecraft:tall_grass":2,"minecraft:wall_torch":4,"quark:jasper":16,"born_in_chaos_v1:black_argillite_column":16,"minecraft:furnace":1,"minecraft:iron_ore":57,"born_in_chaos_v1:black_argillite_brick_slab":6,"minecraft:spruce_log":6,"chisel:marble/raw":1,"quark:deepslate":50,"minecraft:grass":4,"minecraft:coal_ore":29,"minecraft:dirt":2,"minecraft:acacia_planks":2,"minecraft:stone":50,"minecraft:gold_ore":15}},"DataVersion":2586}