{"stats":{"minecraft:killed_by":{"minecraft:player":1},"minecraft:mined":{"minecraft:white_bed":1,"minecraft:crafting_table":2,"minecraft:oak_wood":66,"biomesoplenty:mahogany_planks":4,"minecraft:wall_torch":2,"biomesoplenty:mahogany_log":3,"minecraft:iron_ore":2,"minecraft:wheat":22,"minecraft:grass":2,"minecraft:coal_ore":12,"minecraft:dirt":1,"minecraft:stone":10,"minecraft:tripwire":1,"minecraft:fern":1},"minecraft:picked_up":{"luminousworld:groundpebbles_1":1,"minecraft:crafting_table":2,"minecraft:wheat":22,"minecraft:dirt":1,"minecraft:string":2,"minecraft:lantern":1,"minecraft:white_carpet":2,"minecraft:wheat_seeds":95,"minecraft:poppy":1,"biomesoplenty:mahogany_planks":4,"minecraft:stick":2,"minecraft:raw_iron":2,"minecraft:torch":3,"minecraft:white_bed":1,"minecraft:spider_eye":1,"minecraft:blue_carpet":1,"biomesoplenty:mahogany_log":3,"minecraft:oak_wood":32,"minecraft:rotten_flesh":2,"minecraft:oak_sapling":2,"minecraft:coal":12,"minecraft:cobblestone":10},"minecraft:dropped":{"minecraft:wheat_seeds":95,"alexsmobs:animal_dictionary":1,"minecraft:lantern":1,"minecraft:stick":1,"mca:book_romance":1,"tconstruct:materials_and_you":1,"luminousworld:groundpebbles_1":1,"minecraft:oak_sapling":2},"minecraft:broken":{"minecraft:wooden_pickaxe":1},"minecraft:crafted":{"minecraft:oak_planks":28,"biomesoplenty:mahogany_planks":12,"minecraft:wooden_pickaxe":1,"minecraft:bread":13,"minecraft:stick":4,"quark:oak_chest":1,"minecraft:stone_pickaxe":1,"minecraft:stone_sword":1},"minecraft:used":{"biomesoplenty:mahogany_planks":11,"minecraft:stone_sword":37,"minecraft:stone_pickaxe":16,"minecraft:oak_planks":20,"minecraft:wooden_pickaxe":13,"minecraft:stick":1,"minecraft:torch":3,"anthropology_items__structures:hunters_machete":1,"minecraft:dirt":1,"minecraft:crafting_table":2,"minecraft:carrot":17,"minecraft:cod":1,"minecraft:bread":4,"tombstone:gift":2,"quark:oak_chest":1,"minecraft:potato":1},"minecraft:custom":{"minecraft:mob_kills":3,"minecraft:interact_with_crafting_table":9,"minecraft:damage_dealt_resisted":29,"minecraft:leave_game":2,"minecraft:time_since_death":21099,"minecraft:climb_one_cm":1604,"minecraft:time_since_rest":20948,"minecraft:sprint_one_cm":168419,"minecraft:damage_taken":641,"minecraft:walk_one_cm":207377,"minecraft:drop":103,"minecraft:damage_dealt":1296,"minecraft:swim_one_cm":9931,"minecraft:fly_one_cm":111295,"minecraft:open_chest":15,"minecraft:crouch_one_cm":1446,"minecraft:play_time":46393,"tombstone:undead_killed":2,"minecraft:deaths":1,"minecraft:sneak_time":342,"minecraft:walk_under_water_one_cm":4148,"minecraft:jump":691,"minecraft:walk_on_water_one_cm":13462,"minecraft:total_world_time":46393,"minecraft:fall_one_cm":14313},"minecraft:killed":{"undead_revamp2:thewolf":1,"minecraft:spider":1,"minecraft:zombie":1}},"DataVersion":3120}