{
  "diamethysts:armor/diamethyst_diamond_shield": {
    "criteria": {
      "has_recipe": "2024-06-20 23:28:36 +0000"
    },
    "done": true
  },
  "diamethysts:armor/diamethyst_netherite_leggings": {
    "criteria": {
      "has_recipe": "2024-06-20 23:28:36 +0000"
    },
    "done": true
  },
  "incendium:technical/on_block": {
    "criteria": {
      "log_spam_fixer": "2024-06-21 00:08:24 +0000"
    },
    "done": false
  },
  "diamethysts:weapons/diamethyst_lapis_scimitar": {
    "criteria": {
      "has_recipe": "2024-06-20 23:28:36 +0000"
    },
    "done": true
  },
  "diamethysts:tools/diamethyst_prismarine_fishing_rod": {
    "criteria": {
      "has_recipe": "2024-06-20 23:28:36 +0000"
    },
    "done": true
  },
  "diamethysts:items/diamethyst_bow_upper_section": {
    "criteria": {
      "has_recipe": "2024-06-20 23:28:36 +0000"
    },
    "done": true
  },
  "diamethysts:items/diamethyst_copper_arrow": {
    "criteria": {
      "has_recipe": "2024-06-20 23:28:36 +0000"
    },
    "done": true
  },
  "diamethysts:tools/diamethyst_emerald_hoe": {
    "criteria": {
      "has_recipe": "2024-06-20 23:28:36 +0000"
    },
    "done": true
  },
  "tconstruct:tools/materials_and_you": {
    "criteria": {
      "crafted_book": "2024-06-20 23:28:37 +0000"
    },
    "done": true
  },
  "tconstruct:internal/starting_book": {
    "criteria": {
      "tick": "2024-06-20 23:28:37 +0000"
    },
    "done": true
  },
  "diamethysts:tools/diamethyst_gold_pickaxe": {
    "criteria": {
      "has_recipe": "2024-06-20 23:28:36 +0000"
    },
    "done": true
  },
  "diamethysts:items/diamethyst_lapis_bow_upper_section": {
    "criteria": {
      "has_recipe": "2024-06-20 23:28:36 +0000"
    },
    "done": true
  },
  "diamethysts:items/diamethyst_crystal": {
    "criteria": {
      "has_recipe": "2024-06-20 23:28:36 +0000"
    },
    "done": true
  },
  "mca:recipes/misc/needle_and_thread": {
    "criteria": {
      "has_item": "2024-06-20 23:33:11 +0000"
    },
    "done": true
  },
  "diamethysts:items/diamethyst_gold_hilt": {
    "criteria": {
      "has_recipe": "2024-06-20 23:28:36 +0000"
    },
    "done": true
  },
  "undead_revamp2:theundeadchallenges": {
    "criteria": {
      "theundeadchallenges": "2024-06-20 23:28:37 +0000"
    },
    "done": true
  },
  "diamethysts:armor/diamethyst_gold_boots": {
    "criteria": {
      "has_recipe": "2024-06-20 23:28:36 +0000"
    },
    "done": true
  },
  "diamethysts:weapons/diamethyst_diamond_battle_axe": {
    "criteria": {
      "has_recipe": "2024-06-20 23:28:36 +0000"
    },
    "done": true
  },
  "diamethysts:items/diamethyst_gold_bow_upper_section": {
    "criteria": {
      "has_recipe": "2024-06-20 23:28:36 +0000"
    },
    "done": true
  },
  "diamethysts:items/chain_link_maker": {
    "criteria": {
      "has_recipe": "2024-06-20 23:28:36 +0000"
    },
    "done": true
  },
  "diamethysts:weapons/diamethyst_iron_bow": {
    "criteria": {
      "has_recipe": "2024-06-20 23:28:36 +0000"
    },
    "done": true
  },
  "diamethysts:weapons/diamethyst_iron_sickle": {
    "criteria": {
      "has_recipe": "2024-06-20 23:28:36 +0000"
    },
    "done": true
  },
  "mcwroofs:recipes/oak": {
    "criteria": {
      "has_planks": "2024-06-20 23:47:25 +0000"
    },
    "done": true
  },
  "diamethysts:items/diamethyst_gold_chain": {
    "criteria": {
      "has_recipe": "2024-06-20 23:28:36 +0000"
    },
    "done": true
  },
  "diamethysts:weapons/diamethyst_emerald_scimitar": {
    "criteria": {
      "has_recipe": "2024-06-20 23:28:36 +0000"
    },
    "done": true
  },
  "diamethysts:items/diamethyst_iron_plate": {
    "criteria": {
      "has_recipe": "2024-06-20 23:28:36 +0000"
    },
    "done": true
  },
  "diamethysts:items/diamethyst_prismarine_hilt": {
    "criteria": {
      "has_recipe": "2024-06-20 23:28:36 +0000"
    },
    "done": true
  },
  "diamethysts:items/diamethyst_quartz_bow_upper_section": {
    "criteria": {
      "has_recipe": "2024-06-20 23:28:36 +0000"
    },
    "done": true
  },
  "diamethysts:items/diamethyst_lapis_mesh": {
    "criteria": {
      "has_recipe": "2024-06-20 23:28:36 +0000"
    },
    "done": true
  },
  "diamethysts:tools/diamethyst_lapis_fishing_rod": {
    "criteria": {
      "has_recipe": "2024-06-20 23:28:36 +0000"
    },
    "done": true
  },
  "diamethysts:armor/diamethyst_gold_chain_helmet": {
    "criteria": {
      "has_recipe": "2024-06-20 23:28:36 +0000"
    },
    "done": true
  },
  "diamethysts:armor/diamethyst_copper_chestplate": {
    "criteria": {
      "has_recipe": "2024-06-20 23:28:36 +0000"
    },
    "done": true
  },
  "tombstone:adventure/cancel_ghostly_shape": {
    "criteria": {
      "coded_trigger": "2024-06-20 23:41:56 +0000"
    },
    "done": true
  },
  "diamethysts:armor/diamethyst_iron_chain_boots": {
    "criteria": {
      "has_recipe": "2024-06-20 23:28:36 +0000"
    },
    "done": true
  },
  "diamethysts:tools/diamethyst_iron_shovel": {
    "criteria": {
      "has_recipe": "2024-06-20 23:28:36 +0000"
    },
    "done": true
  },
  "diamethysts:items/strung_diamond": {
    "criteria": {
      "has_recipe": "2024-06-20 23:28:36 +0000"
    },
    "done": true
  },
  "diamethysts:items/diamethyst_emerald_bow_upper_section": {
    "criteria": {
      "has_recipe": "2024-06-20 23:28:36 +0000"
    },
    "done": true
  },
  "diamethysts:weapons/diamethyst_quartz_sword": {
    "criteria": {
      "has_recipe": "2024-06-20 23:28:36 +0000"
    },
    "done": true
  },
  "diamethysts:weapons/diamethyst_diamond_scimitar": {
    "criteria": {
      "has_recipe": "2024-06-20 23:28:36 +0000"
    },
    "done": true
  },
  "diamethysts:armor/diamethyst_prismarine_leggings": {
    "criteria": {
      "has_recipe": "2024-06-20 23:28:36 +0000"
    },
    "done": true
  },
  "diamethysts:items/diamethyst_quartz_hilt": {
    "criteria": {
      "has_recipe": "2024-06-20 23:28:36 +0000"
    },
    "done": true
  },
  "diamethysts:armor/diamethyst_copper_boots": {
    "criteria": {
      "has_recipe": "2024-06-20 23:28:36 +0000"
    },
    "done": true
  },
  "diamethysts:items/diamethyst_diamond_mesh": {
    "criteria": {
      "has_recipe": "2024-06-20 23:28:36 +0000"
    },
    "done": true
  },
  "tombstone:adventure/chain_death": {
    "criteria": {
      "coded_trigger": "2024-06-20 23:41:58 +0000"
    },
    "done": true
  },
  "mcwroofs:recipes/oak_planks": {
    "criteria": {
      "has_planks": "2024-06-20 23:32:42 +0000"
    },
    "done": true
  },
  "diamethysts:items/diamethyst_arrow": {
    "criteria": {
      "has_recipe": "2024-06-20 23:28:36 +0000"
    },
    "done": true
  },
  "diamethysts:tools/diamethyst_iron_axe": {
    "criteria": {
      "has_recipe": "2024-06-20 23:28:36 +0000"
    },
    "done": true
  },
  "diamethysts:items/diamethyst_iron_arrow": {
    "criteria": {
      "has_recipe": "2024-06-20 23:28:36 +0000"
    },
    "done": true
  },
  "minecraft:husbandry/balanced_diet": {
    "criteria": {
      "rotten_flesh": "2024-06-20 23:32:28 +0000"
    },
    "done": false
  },
  "tombstone:recipes/from_grave_key": {
    "criteria": {
      "has_ingredient": "2024-06-20 23:33:06 +0000"
    },
    "done": true
  },
  "diamethysts:weapons/diamethyst_iron_battle_axe": {
    "criteria": {
      "has_recipe": "2024-06-20 23:28:36 +0000"
    },
    "done": true
  },
  "gnumus:fatty_demon": {
    "criteria": {
      "fatty_demon": "2024-06-20 23:51:02 +0000"
    },
    "done": true
  },
  "diamethysts:items/copper_nuggets": {
    "criteria": {
      "has_recipe": "2024-06-20 23:28:36 +0000"
    },
    "done": true
  },
  "diamethysts:weapons/diamethyst_gold_bow": {
    "criteria": {
      "has_recipe": "2024-06-20 23:28:36 +0000"
    },
    "done": true
  },
  "diamethysts:armor/diamethyst_diamond_horse_armor": {
    "criteria": {
      "has_recipe": "2024-06-20 23:28:36 +0000"
    },
    "done": true
  },
  "diamethysts:items/diamethyst_lapis_arrow": {
    "criteria": {
      "has_recipe": "2024-06-20 23:28:36 +0000"
    },
    "done": true
  },
  "diamethysts:tools/diamethyst_prismarine_hoe": {
    "criteria": {
      "has_recipe": "2024-06-20 23:28:36 +0000"
    },
    "done": true
  },
  "diamethysts:items/diamethyst_prismarine_bow_upper_section": {
    "criteria": {
      "has_recipe": "2024-06-20 23:28:36 +0000"
    },
    "done": true
  },
  "diamethysts:items/diamethyst_emerald_bow_lower_section": {
    "criteria": {
      "has_recipe": "2024-06-20 23:28:36 +0000"
    },
    "done": true
  },
  "diamethysts:items/gold_chain_links": {
    "criteria": {
      "has_recipe": "2024-06-20 23:28:36 +0000"
    },
    "done": true
  },
  "diamethysts:items/diamethyst_knife": {
    "criteria": {
      "has_recipe": "2024-06-20 23:28:36 +0000"
    },
    "done": true
  },
  "diamethysts:weapons/diamethyst_gold_crossbow": {
    "criteria": {
      "has_recipe": "2024-06-20 23:28:36 +0000"
    },
    "done": true
  },
  "diamethysts:weapons/diamethyst_quartz_battle_axe": {
    "criteria": {
      "has_recipe": "2024-06-20 23:28:36 +0000"
    },
    "done": true
  },
  "tombstone:adventure/first_grave": {
    "criteria": {
      "coded_trigger": "2024-06-20 23:33:05 +0000"
    },
    "done": true
  },
  "diamethysts:tools/diamethyst_copper_shovel": {
    "criteria": {
      "has_recipe": "2024-06-20 23:28:36 +0000"
    },
    "done": true
  },
  "diamethysts:armor/diamethyst_diamond_helmet": {
    "criteria": {
      "has_recipe": "2024-06-20 23:28:36 +0000"
    },
    "done": true
  },
  "incendium:technical/using/shield": {
    "criteria": {
      "log_spam_fixer": "2024-06-20 23:28:38 +0000"
    },
    "done": false
  },
  "diamethysts:weapons/diamethyst_emerald_battle_axe": {
    "criteria": {
      "has_recipe": "2024-06-20 23:28:36 +0000"
    },
    "done": true
  },
  "diamethysts:armor/diamethyst_iron_horse_armor": {
    "criteria": {
      "has_recipe": "2024-06-20 23:28:36 +0000"
    },
    "done": true
  },
  "diamethysts:weapons/diamethyst_gold_sickle": {
    "criteria": {
      "has_recipe": "2024-06-20 23:28:36 +0000"
    },
    "done": true
  },
  "diamethysts:items/diamethyst_fishing_hook": {
    "criteria": {
      "has_recipe": "2024-06-20 23:28:36 +0000"
    },
    "done": true
  },
  "diamethysts:weapons/diamethyst_copper_bow": {
    "criteria": {
      "has_recipe": "2024-06-20 23:28:36 +0000"
    },
    "done": true
  },
  "diamethysts:items/diamethyst_copper_bow_upper_section": {
    "criteria": {
      "has_recipe": "2024-06-20 23:28:36 +0000"
    },
    "done": true
  },
  "diamethysts:armor/diamethyst_iron_boots": {
    "criteria": {
      "has_recipe": "2024-06-20 23:28:36 +0000"
    },
    "done": true
  },
  "diamethysts:armor/diamethyst_diamond_leggings": {
    "criteria": {
      "has_recipe": "2024-06-20 23:28:36 +0000"
    },
    "done": true
  },
  "incendium:technical/using/trailblazer": {
    "criteria": {
      "log_spam_fixer": "2024-06-20 23:28:38 +0000"
    },
    "done": false
  },
  "diamethysts:weapons/diamethyst_netherite_bow": {
    "criteria": {
      "has_recipe": "2024-06-20 23:28:36 +0000"
    },
    "done": true
  },
  "diamethysts:tools/diamethyst_prismarine_shovel": {
    "criteria": {
      "has_recipe": "2024-06-20 23:28:36 +0000"
    },
    "done": true
  },
  "diamethysts:tools/diamethyst_iron_fishing_rod": {
    "criteria": {
      "has_recipe": "2024-06-20 23:28:36 +0000"
    },
    "done": true
  },
  "incendium:technical/scroll_of_returning": {
    "criteria": {
      "log_spam_fixer": "2024-06-20 23:28:38 +0000"
    },
    "done": false
  },
  "diamethysts:armor/diamethyst_prismarine_shield": {
    "criteria": {
      "has_recipe": "2024-06-20 23:28:36 +0000"
    },
    "done": true
  },
  "diamethysts:weapons/diamethyst_lapis_sword": {
    "criteria": {
      "has_recipe": "2024-06-20 23:28:36 +0000"
    },
    "done": true
  },
  "biomesoplenty:biomesoplenty/all_biomes": {
    "criteria": {
      "old_growth_woodland": "2024-06-20 23:30:36 +0000",
      "rocky_rainforest": "2024-06-20 23:52:51 +0000",
      "rainforest": "2024-06-20 23:52:00 +0000"
    },
    "done": false
  },
  "diamethysts:weapons/diamethyst_copper_sword": {
    "criteria": {
      "has_recipe": "2024-06-20 23:28:36 +0000"
    },
    "done": true
  },
  "diamethysts:tools/diamethyst_lapis_hoe": {
    "criteria": {
      "has_recipe": "2024-06-20 23:28:36 +0000"
    },
    "done": true
  },
  "diamethysts:tools/diamethyst_lapis_shovel": {
    "criteria": {
      "has_recipe": "2024-06-20 23:28:36 +0000"
    },
    "done": true
  },
  "diamethysts:armor/diamethyst_copper_chain_horse_armor": {
    "criteria": {
      "has_recipe": "2024-06-20 23:28:36 +0000"
    },
    "done": true
  },
  "diamethysts:weapons/diamethyst_gold_sword": {
    "criteria": {
      "has_recipe": "2024-06-20 23:28:36 +0000"
    },
    "done": true
  },
  "diamethysts:armor/diamethyst_gold_leggings": {
    "criteria": {
      "has_recipe": "2024-06-20 23:28:36 +0000"
    },
    "done": true
  },
  "diamethysts:armor/diamethyst_iron_leggings": {
    "criteria": {
      "has_recipe": "2024-06-20 23:28:36 +0000"
    },
    "done": true
  },
  "diamethysts:items/diamethyst_gold_plate": {
    "criteria": {
      "has_recipe": "2024-06-20 23:28:36 +0000"
    },
    "done": true
  },
  "diamethysts:armor/diamethyst_netherite_boots": {
    "criteria": {
      "has_recipe": "2024-06-20 23:28:36 +0000"
    },
    "done": true
  },
  "diamethysts:items/diamethyst_iron_hilt": {
    "criteria": {
      "has_recipe": "2024-06-20 23:28:36 +0000"
    },
    "done": true
  },
  "diamethysts:armor/diamethyst_quartz_chestplate": {
    "criteria": {
      "has_recipe": "2024-06-20 23:28:36 +0000"
    },
    "done": true
  },
  "minecraft:husbandry/root": {
    "criteria": {
      "consumed_item": "2024-06-20 23:32:28 +0000"
    },
    "done": true
  },
  "diamethysts:weapons/diamethyst_emerald_crossbow": {
    "criteria": {
      "has_recipe": "2024-06-20 23:28:36 +0000"
    },
    "done": true
  },
  "diamethysts:weapons/diamethyst_netherite_sword": {
    "criteria": {
      "has_recipe": "2024-06-20 23:28:36 +0000"
    },
    "done": true
  },
  "diamethysts:tools/diamethyst_prismarine_axe": {
    "criteria": {
      "has_recipe": "2024-06-20 23:28:36 +0000"
    },
    "done": true
  },
  "incendium:technical/inventory/firestorm": {
    "criteria": {
      "log_spam_fixer": "2024-06-21 00:08:24 +0000"
    },
    "done": false
  },
  "knight_quest:kq_quest_source": {
    "criteria": {
      "kq_quest_source": "2024-06-20 23:28:36 +0000"
    },
    "done": true
  },
  "diamethysts:tools/diamethyst_quartz_hoe": {
    "criteria": {
      "has_recipe": "2024-06-20 23:28:36 +0000"
    },
    "done": true
  },
  "minecraft:adventure/root": {
    "criteria": {
      "killed_by_something": "2024-06-20 23:33:05 +0000"
    },
    "done": true
  },
  "diamethysts:tools/diamethyst_fishing_rod": {
    "criteria": {
      "has_recipe": "2024-06-20 23:28:36 +0000"
    },
    "done": true
  },
  "diamethysts:tools/diamethyst_iron_hoe": {
    "criteria": {
      "has_recipe": "2024-06-20 23:28:36 +0000"
    },
    "done": true
  },
  "diamethysts:items/leather_bound_stick": {
    "criteria": {
      "has_recipe": "2024-06-20 23:28:36 +0000"
    },
    "done": true
  },
  "tombstone:adventure/enchant_grave_key": {
    "criteria": {
      "has_upgraded_grave_key": "2024-06-20 23:33:06 +0000"
    },
    "done": true
  },
  "diamethysts:weapons/diamethyst_diamond_sickle": {
    "criteria": {
      "has_recipe": "2024-06-20 23:28:36 +0000"
    },
    "done": true
  },
  "diamethysts:armor/diamethyst_prismarine_horse_armor": {
    "criteria": {
      "has_recipe": "2024-06-20 23:28:36 +0000"
    },
    "done": true
  },
  "incendium:technical/sentrys_wrath": {
    "criteria": {
      "log_spam_fixer": "2024-06-21 00:08:24 +0000"
    },
    "done": false
  },
  "diamethysts:tools/diamethyst_netherite_fishing_rod": {
    "criteria": {
      "has_recipe": "2024-06-20 23:28:36 +0000"
    },
    "done": true
  },
  "diamethysts:tools/diamethyst_emerald_axe": {
    "criteria": {
      "has_recipe": "2024-06-20 23:28:36 +0000"
    },
    "done": true
  },
  "diamethysts:weapons/diamethyst_prismarine_sword": {
    "criteria": {
      "has_recipe": "2024-06-20 23:28:36 +0000"
    },
    "done": true
  },
  "diamethysts:items/diamethyst_copper_plate": {
    "criteria": {
      "has_recipe": "2024-06-20 23:28:36 +0000"
    },
    "done": true
  },
  "mca:recipes/misc/family_tree": {
    "criteria": {
      "has_item": "2024-06-20 23:45:05 +0000"
    },
    "done": true
  },
  "mca:root": {
    "criteria": {
      "village_plains": "2024-06-20 23:28:38 +0000"
    },
    "done": true
  },
  "diamethysts:tools/diamethyst_netherite_axe": {
    "criteria": {
      "has_recipe": "2024-06-20 23:28:36 +0000"
    },
    "done": true
  },
  "diamethysts:armor/diamethyst_diamond_boots": {
    "criteria": {
      "has_recipe": "2024-06-20 23:28:36 +0000"
    },
    "done": true
  },
  "diamethysts:armor/diamethyst_emerald_horse_armor": {
    "criteria": {
      "has_recipe": "2024-06-20 23:28:36 +0000"
    },
    "done": true
  },
  "create:root": {
    "criteria": {
      "0": "2024-06-20 23:28:36 +0000"
    },
    "done": true
  },
  "incendium:technical/feed_ghastling": {
    "criteria": {
      "log_spam_fixer": "2024-06-21 00:08:24 +0000"
    },
    "done": false
  },
  "tombstone:adventure/first_knowledge": {
    "criteria": {
      "coded_trigger": "2024-06-20 23:41:53 +0000"
    },
    "done": true
  },
  "diamethysts:items/diamethyst_diamond_hilt": {
    "criteria": {
      "has_recipe": "2024-06-20 23:28:36 +0000"
    },
    "done": true
  },
  "alexsmobs:alexsmobs/root": {
    "criteria": {
      "useitem": "2024-06-20 23:33:34 +0000"
    },
    "done": true
  },
  "diamethysts:items/diamethyst_iron_bow_upper_section": {
    "criteria": {
      "has_recipe": "2024-06-20 23:28:36 +0000"
    },
    "done": true
  },
  "cosmeticarmoursmod:cosmetic_armours_achievement": {
    "criteria": {
      "cosmetic_armours_achievement": "2024-06-20 23:28:36 +0000"
    },
    "done": true
  },
  "diamethysts:armor/diamethyst_gold_chain_chestplate": {
    "criteria": {
      "has_recipe": "2024-06-20 23:28:36 +0000"
    },
    "done": true
  },
  "paraglider:root": {
    "criteria": {
      "crafting_table": "2024-06-20 23:32:44 +0000"
    },
    "done": true
  },
  "diamethysts:tools/diamethyst_diamond_hoe": {
    "criteria": {
      "has_recipe": "2024-06-20 23:28:36 +0000"
    },
    "done": true
  },
  "diamethysts:tools/diamethyst_copper_hoe": {
    "criteria": {
      "has_recipe": "2024-06-20 23:28:36 +0000"
    },
    "done": true
  },
  "diamethysts:blocks/diamethyst_glass": {
    "criteria": {
      "has_recipe": "2024-06-20 23:28:36 +0000"
    },
    "done": true
  },
  "diamethysts:weapons/diamethyst_netherite_scimitar": {
    "criteria": {
      "has_recipe": "2024-06-20 23:28:36 +0000"
    },
    "done": true
  },
  "diamethysts:armor/diamethyst_gold_chain_horse_armor": {
    "criteria": {
      "has_recipe": "2024-06-20 23:28:36 +0000"
    },
    "done": true
  },
  "diamethysts:tools/diamethyst_gold_axe": {
    "criteria": {
      "has_recipe": "2024-06-20 23:28:36 +0000"
    },
    "done": true
  },
  "diamethysts:armor/diamethyst_prismarine_chestplate": {
    "criteria": {
      "has_recipe": "2024-06-20 23:28:36 +0000"
    },
    "done": true
  },
  "diamethysts:items/diamethyst_lapis_bow_lower_section": {
    "criteria": {
      "has_recipe": "2024-06-20 23:28:36 +0000"
    },
    "done": true
  },
  "immersive_armors:recipes/misc/wooden": {
    "criteria": {
      "has_item": "2024-06-20 23:31:24 +0000"
    },
    "done": true
  },
  "diamethysts:items/diamethyst_gold_arrow": {
    "criteria": {
      "has_recipe": "2024-06-20 23:28:36 +0000"
    },
    "done": true
  },
  "incendium:technical/on_inventory_change": {
    "criteria": {
      "log_spam_fixer": "2024-06-21 00:08:24 +0000"
    },
    "done": false
  },
  "diamethysts:weapons/diamethyst_copper_scimitar": {
    "criteria": {
      "has_recipe": "2024-06-20 23:28:36 +0000"
    },
    "done": true
  },
  "diamethysts:armor/diamethyst_prismarine_helmet": {
    "criteria": {
      "has_recipe": "2024-06-20 23:28:36 +0000"
    },
    "done": true
  },
  "diamethysts:armor/diamethyst_diamond_chestplate": {
    "criteria": {
      "has_recipe": "2024-06-20 23:28:36 +0000"
    },
    "done": true
  },
  "diamethysts:armor/diamethyst_netherite_horse_armor": {
    "criteria": {
      "has_recipe": "2024-06-20 23:28:36 +0000"
    },
    "done": true
  },
  "mca:recipes/building_blocks/headstones": {
    "criteria": {
      "has_the_cross_recipe": "2024-06-20 23:28:36 +0000"
    },
    "done": true
  },
  "tombstone:adventure/neighborhood_brawl": {
    "criteria": {
      "coded_trigger": "2024-06-20 23:42:10 +0000"
    },
    "done": true
  },
  "diamethysts:tools/diamethyst_netherite_shovel": {
    "criteria": {
      "has_recipe": "2024-06-20 23:28:36 +0000"
    },
    "done": true
  },
  "diamethysts:armor/diamethyst_iron_chestplate": {
    "criteria": {
      "has_recipe": "2024-06-20 23:28:36 +0000"
    },
    "done": true
  },
  "diamethysts:armor/diamethyst_gold_shield": {
    "criteria": {
      "has_recipe": "2024-06-20 23:28:36 +0000"
    },
    "done": true
  },
  "diamethysts:armor/diamethyst_quartz_helmet": {
    "criteria": {
      "has_recipe": "2024-06-20 23:28:36 +0000"
    },
    "done": true
  },
  "diamethysts:tools/diamethyst_netherite_pickaxe": {
    "criteria": {
      "has_recipe": "2024-06-20 23:28:36 +0000"
    },
    "done": true
  },
  "diamethysts:armor/diamethyst_lapis_leggings": {
    "criteria": {
      "has_recipe": "2024-06-20 23:28:36 +0000"
    },
    "done": true
  },
  "diamethysts:armor/diamethyst_copper_leggings": {
    "criteria": {
      "has_recipe": "2024-06-20 23:28:36 +0000"
    },
    "done": true
  },
  "diamethysts:weapons/diamethyst_iron_crossbow": {
    "criteria": {
      "has_recipe": "2024-06-20 23:28:36 +0000"
    },
    "done": true
  },
  "diamethysts:armor/diamethyst_gold_helmet": {
    "criteria": {
      "has_recipe": "2024-06-20 23:28:36 +0000"
    },
    "done": true
  },
  "diamethysts:armor/diamethyst_copper_chain_helmet": {
    "criteria": {
      "has_recipe": "2024-06-20 23:28:36 +0000"
    },
    "done": true
  },
  "diamethysts:armor/diamethyst_copper_chain_boots": {
    "criteria": {
      "has_recipe": "2024-06-20 23:28:36 +0000"
    },
    "done": true
  },
  "diamethysts:items/diamethyst_diamond_arrow": {
    "criteria": {
      "has_recipe": "2024-06-20 23:28:36 +0000"
    },
    "done": true
  },
  "diamethysts:weapons/diamethyst_emerald_bow": {
    "criteria": {
      "has_recipe": "2024-06-20 23:28:36 +0000"
    },
    "done": true
  },
  "diamethysts:armor/diamethyst_copper_horse_armor": {
    "criteria": {
      "has_recipe": "2024-06-20 23:28:36 +0000"
    },
    "done": true
  },
  "diamethysts:items/diamethyst_fishing_spool": {
    "criteria": {
      "has_recipe": "2024-06-20 23:28:36 +0000"
    },
    "done": true
  },
  "diamethysts:items/diamethyst_emerald_arrow": {
    "criteria": {
      "has_recipe": "2024-06-20 23:28:36 +0000"
    },
    "done": true
  },
  "mcwroofs:recipes/gutters": {
    "criteria": {
      "has_planks": "2024-06-20 23:47:08 +0000"
    },
    "done": true
  },
  "diamethysts:armor/diamethyst_quartz_leggings": {
    "criteria": {
      "has_recipe": "2024-06-20 23:28:36 +0000"
    },
    "done": true
  },
  "diamethysts:story/root": {
    "criteria": {
      "crafting_table": "2024-06-20 23:32:44 +0000"
    },
    "done": true
  },
  "diamethysts:armor/diamethyst_prismarine_boots": {
    "criteria": {
      "has_recipe": "2024-06-20 23:28:36 +0000"
    },
    "done": true
  },
  "diamethysts:weapons/diamethyst_emerald_sickle": {
    "criteria": {
      "has_recipe": "2024-06-20 23:28:36 +0000"
    },
    "done": true
  },
  "diamethysts:items/iron_chain_links": {
    "criteria": {
      "has_recipe": "2024-06-20 23:28:36 +0000"
    },
    "done": true
  },
  "diamethysts:armor/diamethyst_copper_chain_leggings": {
    "criteria": {
      "has_recipe": "2024-06-20 23:28:36 +0000"
    },
    "done": true
  },
  "diamethysts:weapons/diamethyst_quartz_scimitar": {
    "criteria": {
      "has_recipe": "2024-06-20 23:28:36 +0000"
    },
    "done": true
  },
  "diamethysts:items/diamethyst_copper_bow_lower_section": {
    "criteria": {
      "has_recipe": "2024-06-20 23:28:36 +0000"
    },
    "done": true
  },
  "incendium:technical/inventory/sentrys_wrath": {
    "criteria": {
      "log_spam_fixer": "2024-06-21 00:08:24 +0000"
    },
    "done": false
  },
  "diamethysts:armor/diamethyst_emerald_boots": {
    "criteria": {
      "has_recipe": "2024-06-20 23:28:36 +0000"
    },
    "done": true
  },
  "diamethysts:weapons/diamethyst_prismarine_bow": {
    "criteria": {
      "has_recipe": "2024-06-20 23:28:36 +0000"
    },
    "done": true
  },
  "diamethysts:tools/diamethyst_netherite_hoe": {
    "criteria": {
      "has_recipe": "2024-06-20 23:28:36 +0000"
    },
    "done": true
  },
  "diamethysts:weapons/diamethyst_lapis_bow": {
    "criteria": {
      "has_recipe": "2024-06-20 23:28:36 +0000"
    },
    "done": true
  },
  "diamethysts:tools/diamethyst_quartz_fishing_rod": {
    "criteria": {
      "has_recipe": "2024-06-20 23:28:36 +0000"
    },
    "done": true
  },
  "diamethysts:armor/diamethyst_quartz_shield": {
    "criteria": {
      "has_recipe": "2024-06-20 23:28:36 +0000"
    },
    "done": true
  },
  "diamethysts:items/diamethyst_prismarine_scales": {
    "criteria": {
      "has_recipe": "2024-06-20 23:28:36 +0000"
    },
    "done": true
  },
  "diamethysts:weapons/diamethyst_iron_sword": {
    "criteria": {
      "has_recipe": "2024-06-20 23:28:36 +0000"
    },
    "done": true
  },
  "mowziesmobs:root": {
    "criteria": {
      "custom_test_name": "2024-06-20 23:28:37 +0000"
    },
    "done": true
  },
  "diamethysts:tools/diamethyst_iron_pickaxe": {
    "criteria": {
      "has_recipe": "2024-06-20 23:28:36 +0000"
    },
    "done": true
  },
  "diamethysts:weapons/diamethyst_diamond_sword": {
    "criteria": {
      "has_recipe": "2024-06-20 23:28:36 +0000"
    },
    "done": true
  },
  "diamethysts:items/diamethyst_emerald_mesh": {
    "criteria": {
      "has_recipe": "2024-06-20 23:28:36 +0000"
    },
    "done": true
  },
  "diamethysts:tools/diamethyst_emerald_pickaxe": {
    "criteria": {
      "has_recipe": "2024-06-20 23:28:36 +0000"
    },
    "done": true
  },
  "diamethysts:tools/diamethyst_quartz_shovel": {
    "criteria": {
      "has_recipe": "2024-06-20 23:28:36 +0000"
    },
    "done": true
  },
  "diamethysts:weapons/diamethyst_quartz_bow": {
    "criteria": {
      "has_recipe": "2024-06-20 23:28:36 +0000"
    },
    "done": true
  },
  "tombstone:adventure/root": {
    "criteria": {
      "auto": "2024-06-20 23:28:38 +0000"
    },
    "done": true
  },
  "diamethysts:armor/diamethyst_gold_horse_armor": {
    "criteria": {
      "has_recipe": "2024-06-20 23:28:36 +0000"
    },
    "done": true
  },
  "diamethysts:items/diamethyst_dust": {
    "criteria": {
      "has_recipe": "2024-06-20 23:28:36 +0000"
    },
    "done": true
  },
  "tombstone:adventure/teleport_to_grave": {
    "criteria": {
      "coded_trigger": "2024-06-20 23:41:53 +0000"
    },
    "done": true
  },
  "diamethysts:armor/diamethyst_emerald_leggings": {
    "criteria": {
      "has_recipe": "2024-06-20 23:28:36 +0000"
    },
    "done": true
  },
  "mca:recipes/misc/comb": {
    "criteria": {
      "has_item": "2024-06-20 23:47:08 +0000"
    },
    "done": true
  },
  "diamethysts:weapons/diamethyst_netherite_sickle": {
    "criteria": {
      "has_recipe": "2024-06-20 23:28:36 +0000"
    },
    "done": true
  },
  "diamethysts:weapons/diamethyst_prismarine_scimitar": {
    "criteria": {
      "has_recipe": "2024-06-20 23:28:36 +0000"
    },
    "done": true
  },
  "diamethysts:tools/diamethyst_emerald_fishing_rod": {
    "criteria": {
      "has_recipe": "2024-06-20 23:28:36 +0000"
    },
    "done": true
  },
  "biomesoplenty:biomesoplenty/root": {
    "criteria": {
      "old_growth_woodland": "2024-06-20 23:30:36 +0000"
    },
    "done": true
  },
  "diamethysts:weapons/diamethyst_prismarine_sickle": {
    "criteria": {
      "has_recipe": "2024-06-20 23:28:36 +0000"
    },
    "done": true
  },
  "diamethysts:items/strung_emerald": {
    "criteria": {
      "has_recipe": "2024-06-20 23:28:36 +0000"
    },
    "done": true
  },
  "diamethysts:armor/diamethyst_gold_chain_boots": {
    "criteria": {
      "has_recipe": "2024-06-20 23:28:36 +0000"
    },
    "done": true
  },
  "diamethysts:armor/diamethyst_iron_shield": {
    "criteria": {
      "has_recipe": "2024-06-20 23:28:36 +0000"
    },
    "done": true
  },
  "diamethysts:items/diamethyst_diamond_bow_upper_section": {
    "criteria": {
      "has_recipe": "2024-06-20 23:28:36 +0000"
    },
    "done": true
  },
  "diamethysts:armor/diamethyst_lapis_horse_armor": {
    "criteria": {
      "has_recipe": "2024-06-20 23:28:36 +0000"
    },
    "done": true
  },
  "diamethysts:armor/diamethyst_gold_chain_leggings": {
    "criteria": {
      "has_recipe": "2024-06-20 23:28:36 +0000"
    },
    "done": true
  },
  "minecraft:story/root": {
    "criteria": {
      "crafting_table": "2024-06-20 23:32:44 +0000"
    },
    "done": true
  },
  "mca:recipes/misc/whistle": {
    "criteria": {
      "has_item": "2024-06-20 23:47:08 +0000"
    },
    "done": true
  },
  "diamethysts:items/diamethyst_bow_lower_section": {
    "criteria": {
      "has_recipe": "2024-06-20 23:28:36 +0000"
    },
    "done": true
  },
  "diamethysts:blocks/diamethyst_glass_pane": {
    "criteria": {
      "has_recipe": "2024-06-20 23:28:36 +0000"
    },
    "done": true
  },
  "diamethysts:weapons/diamethyst_copper_battle_axe": {
    "criteria": {
      "has_recipe": "2024-06-20 23:28:36 +0000"
    },
    "done": true
  },
  "diamethysts:armor/diamethyst_iron_helmet": {
    "criteria": {
      "has_recipe": "2024-06-20 23:28:36 +0000"
    },
    "done": true
  },
  "diamethysts:weapons/diamethyst_lapis_crossbow": {
    "criteria": {
      "has_recipe": "2024-06-20 23:28:36 +0000"
    },
    "done": true
  },
  "diamethysts:armor/diamethyst_iron_chain_leggings": {
    "criteria": {
      "has_recipe": "2024-06-20 23:28:36 +0000"
    },
    "done": true
  },
  "diamethysts:weapons/diamethyst_netherite_crossbow": {
    "criteria": {
      "has_recipe": "2024-06-20 23:28:36 +0000"
    },
    "done": true
  },
  "diamethysts:armor/diamethyst_iron_chain_horse_armor": {
    "criteria": {
      "has_recipe": "2024-06-20 23:28:36 +0000"
    },
    "done": true
  },
  "betterdungeons:root": {
    "criteria": {
      "always": "2024-06-20 23:28:37 +0000"
    },
    "done": true
  },
  "diamethysts:tools/diamethyst_diamond_axe": {
    "criteria": {
      "has_recipe": "2024-06-20 23:28:36 +0000"
    },
    "done": true
  },
  "diamethysts:tools/diamethyst_copper_fishing_rod": {
    "criteria": {
      "has_recipe": "2024-06-20 23:28:36 +0000"
    },
    "done": true
  },
  "diamethysts:items/diamethyst_quartz_bow_lower_section": {
    "criteria": {
      "has_recipe": "2024-06-20 23:28:36 +0000"
    },
    "done": true
  },
  "diamethysts:weapons/diamethyst_copper_crossbow": {
    "criteria": {
      "has_recipe": "2024-06-20 23:28:36 +0000"
    },
    "done": true
  },
  "diamethysts:tools/diamethyst_quartz_axe": {
    "criteria": {
      "has_recipe": "2024-06-20 23:28:36 +0000"
    },
    "done": true
  },
  "diamethysts:armor/diamethyst_emerald_chestplate": {
    "criteria": {
      "has_recipe": "2024-06-20 23:28:36 +0000"
    },
    "done": true
  },
  "incendium:technical/multiplex_crossbow": {
    "criteria": {
      "log_spam_fixer": "2024-06-21 00:08:24 +0000"
    },
    "done": false
  },
  "diamethysts:items/diamethyst_lapis_hilt": {
    "criteria": {
      "has_recipe": "2024-06-20 23:28:36 +0000"
    },
    "done": true
  },
  "diamethysts:items/diamethyst_iron_bow_lower_section": {
    "criteria": {
      "has_recipe": "2024-06-20 23:28:36 +0000"
    },
    "done": true
  },
  "diamethysts:armor/diamethyst_lapis_boots": {
    "criteria": {
      "has_recipe": "2024-06-20 23:28:36 +0000"
    },
    "done": true
  },
  "tombstone:recipes/from_grave_dust": {
    "criteria": {
      "has_ingredient": "2024-06-20 23:42:49 +0000"
    },
    "done": true
  },
  "diamethysts:armor/diamethyst_quartz_boots": {
    "criteria": {
      "has_recipe": "2024-06-20 23:28:36 +0000"
    },
    "done": true
  },
  "diamethysts:tools/diamethyst_gold_shovel": {
    "criteria": {
      "has_recipe": "2024-06-20 23:28:36 +0000"
    },
    "done": true
  },
  "diamethysts:items/diamethyst_gold_bow_lower_section": {
    "criteria": {
      "has_recipe": "2024-06-20 23:28:36 +0000"
    },
    "done": true
  },
  "diamethysts:weapons/diamethyst_iron_scimitar": {
    "criteria": {
      "has_recipe": "2024-06-20 23:28:36 +0000"
    },
    "done": true
  },
  "incendium:technical/firestorm": {
    "criteria": {
      "log_spam_fixer": "2024-06-21 00:08:24 +0000"
    },
    "done": false
  },
  "diamethysts:weapons/diamethyst_prismarine_battle_axe": {
    "criteria": {
      "has_recipe": "2024-06-20 23:28:36 +0000"
    },
    "done": true
  },
  "diamethysts:armor/diamethyst_lapis_helmet": {
    "criteria": {
      "has_recipe": "2024-06-20 23:28:36 +0000"
    },
    "done": true
  },
  "diamethysts:tools/diamethyst_gold_fishing_rod": {
    "criteria": {
      "has_recipe": "2024-06-20 23:28:36 +0000"
    },
    "done": true
  },
  "diamethysts:armor/diamethyst_netherite_chestplate": {
    "criteria": {
      "has_recipe": "2024-06-20 23:28:36 +0000"
    },
    "done": true
  },
  "diamethysts:armor/diamethyst_lapis_chestplate": {
    "criteria": {
      "has_recipe": "2024-06-20 23:28:36 +0000"
    },
    "done": true
  },
  "diamethysts:armor/diamethyst_iron_chain_chestplate": {
    "criteria": {
      "has_recipe": "2024-06-20 23:28:36 +0000"
    },
    "done": true
  },
  "diamethysts:weapons/diamethyst_quartz_sickle": {
    "criteria": {
      "has_recipe": "2024-06-20 23:28:36 +0000"
    },
    "done": true
  },
  "minecraft:adventure/adventuring_time": {
    "criteria": {
      "minecraft:sparse_jungle": "2024-06-20 23:50:22 +0000",
      "minecraft:plains": "2024-06-20 23:28:38 +0000"
    },
    "done": false
  },
  "diamethysts:weapons/diamethyst_quartz_crossbow": {
    "criteria": {
      "has_recipe": "2024-06-20 23:28:36 +0000"
    },
    "done": true
  },
  "diamethysts:weapons/diamethyst_gold_battle_axe": {
    "criteria": {
      "has_recipe": "2024-06-20 23:28:36 +0000"
    },
    "done": true
  },
  "incendium:technical/using/ragnarok": {
    "criteria": {
      "log_spam_fixer": "2024-06-20 23:28:38 +0000"
    },
    "done": false
  },
  "diamethysts:weapons/diamethyst_lapis_battle_axe": {
    "criteria": {
      "has_recipe": "2024-06-20 23:28:36 +0000"
    },
    "done": true
  },
  "diamethysts:armor/diamethyst_emerald_shield": {
    "criteria": {
      "has_recipe": "2024-06-20 23:28:36 +0000"
    },
    "done": true
  },
  "incendium:technical/new_player": {
    "criteria": {
      "requirement": "2024-06-20 23:28:37 +0000"
    },
    "done": true
  },
  "diamethysts:items/shield_strap": {
    "criteria": {
      "has_recipe": "2024-06-20 23:28:36 +0000"
    },
    "done": true
  },
  "diamethysts:items/diamethyst_iron_chain": {
    "criteria": {
      "has_recipe": "2024-06-20 23:28:36 +0000"
    },
    "done": true
  },
  "incendium:technical/holy_wrath": {
    "criteria": {
      "log_spam_fixer": "2024-06-21 00:08:24 +0000"
    },
    "done": false
  },
  "diamethysts:armor/diamethyst_lapis_shield": {
    "criteria": {
      "has_recipe": "2024-06-20 23:28:36 +0000"
    },
    "done": true
  },
  "diamethysts:items/diamethyst_copper_hilt": {
    "criteria": {
      "has_recipe": "2024-06-20 23:28:36 +0000"
    },
    "done": true
  },
  "diamethysts:armor/diamethyst_emerald_helmet": {
    "criteria": {
      "has_recipe": "2024-06-20 23:28:36 +0000"
    },
    "done": true
  },
  "diamethysts:tools/diamethyst_emerald_shovel": {
    "criteria": {
      "has_recipe": "2024-06-20 23:28:36 +0000"
    },
    "done": true
  },
  "incendium:technical/give_ghastling": {
    "criteria": {
      "log_spam_fixer": "2024-06-21 00:08:24 +0000"
    },
    "done": false
  },
  "diamethysts:tools/diamethyst_lapis_pickaxe": {
    "criteria": {
      "has_recipe": "2024-06-20 23:28:36 +0000"
    },
    "done": true
  },
  "diamethysts:blocks/diamethyst_block": {
    "criteria": {
      "has_recipe": "2024-06-20 23:28:36 +0000"
    },
    "done": true
  },
  "diamethysts:tools/diamethyst_quartz_pickaxe": {
    "criteria": {
      "has_recipe": "2024-06-20 23:28:36 +0000"
    },
    "done": true
  },
  "diamethysts:tools/diamethyst_copper_pickaxe": {
    "criteria": {
      "has_recipe": "2024-06-20 23:28:36 +0000"
    },
    "done": true
  },
  "incendium:technical/on_kill": {
    "criteria": {
      "log_spam_fixer": "2024-06-21 00:08:24 +0000"
    },
    "done": false
  },
  "diamethysts:weapons/diamethyst_diamond_crossbow": {
    "criteria": {
      "has_recipe": "2024-06-20 23:28:36 +0000"
    },
    "done": true
  },
  "diamethysts:weapons/diamethyst_emerald_sword": {
    "criteria": {
      "has_recipe": "2024-06-20 23:28:36 +0000"
    },
    "done": true
  },
  "diamethysts:tools/diamethyst_diamond_fishing_rod": {
    "criteria": {
      "has_recipe": "2024-06-20 23:28:36 +0000"
    },
    "done": true
  },
  "diamethysts:items/diamethyst_quartz_scales": {
    "criteria": {
      "has_recipe": "2024-06-20 23:28:36 +0000"
    },
    "done": true
  },
  "diamethysts:tools/diamethyst_copper_axe": {
    "criteria": {
      "has_recipe": "2024-06-20 23:28:36 +0000"
    },
    "done": true
  },
  "diamethysts:tools/diamethyst_gold_hoe": {
    "criteria": {
      "has_recipe": "2024-06-20 23:28:36 +0000"
    },
    "done": true
  },
  "diamethysts:weapons/diamethyst_netherite_battle_axe": {
    "criteria": {
      "has_recipe": "2024-06-20 23:28:36 +0000"
    },
    "done": true
  },
  "diamethysts:tools/diamethyst_lapis_axe": {
    "criteria": {
      "has_recipe": "2024-06-20 23:28:36 +0000"
    },
    "done": true
  },
  "incendium:technical/on_player_hurt": {
    "criteria": {
      "requirement": "2024-06-21 00:08:26 +0000",
      "log_spam_fixer": "2024-06-21 00:08:24 +0000"
    },
    "done": true
  },
  "diamethysts:items/copper_chain_links": {
    "criteria": {
      "has_recipe": "2024-06-20 23:28:36 +0000"
    },
    "done": true
  },
  "diamethysts:items/diamethyst_diamond_bow_lower_section": {
    "criteria": {
      "has_recipe": "2024-06-20 23:28:36 +0000"
    },
    "done": true
  },
  "diamethysts:weapons/diamethyst_copper_sickle": {
    "criteria": {
      "has_recipe": "2024-06-20 23:28:36 +0000"
    },
    "done": true
  },
  "diamethysts:armor/diamethyst_netherite_shield": {
    "criteria": {
      "has_recipe": "2024-06-20 23:28:36 +0000"
    },
    "done": true
  },
  "diamethysts:weapons/diamethyst_diamond_bow": {
    "criteria": {
      "has_recipe": "2024-06-20 23:28:36 +0000"
    },
    "done": true
  },
  "diamethysts:items/diamethyst_prismarine_bow_lower_section": {
    "criteria": {
      "has_recipe": "2024-06-20 23:28:36 +0000"
    },
    "done": true
  },
  "dungeons_arise:wda_root": {
    "criteria": {
      "WDA": "2024-06-20 23:28:37 +0000"
    },
    "done": true
  },
  "diamethysts:weapons/diamethyst_crossbow": {
    "criteria": {
      "has_recipe": "2024-06-20 23:28:36 +0000"
    },
    "done": true
  },
  "diamethysts:armor/diamethyst_quartz_horse_armor": {
    "criteria": {
      "has_recipe": "2024-06-20 23:28:36 +0000"
    },
    "done": true
  },
  "diamethysts:tools/diamethyst_diamond_pickaxe": {
    "criteria": {
      "has_recipe": "2024-06-20 23:28:36 +0000"
    },
    "done": true
  },
  "immersive_armors:recipes/misc/robe": {
    "criteria": {
      "has_item": "2024-06-20 23:49:34 +0000"
    },
    "done": true
  },
  "diamethysts:armor/diamethyst_copper_chain_chestplate": {
    "criteria": {
      "has_recipe": "2024-06-20 23:28:36 +0000"
    },
    "done": true
  },
  "diamethysts:armor/diamethyst_copper_helmet": {
    "criteria": {
      "has_recipe": "2024-06-20 23:28:36 +0000"
    },
    "done": true
  },
  "diamethysts:weapons/diamethyst_lapis_sickle": {
    "criteria": {
      "has_recipe": "2024-06-20 23:28:36 +0000"
    },
    "done": true
  },
  "diamethysts:weapons/diamethyst_prismarine_crossbow": {
    "criteria": {
      "has_recipe": "2024-06-20 23:28:36 +0000"
    },
    "done": true
  },
  "diamethysts:armor/diamethyst_netherite_helmet": {
    "criteria": {
      "has_recipe": "2024-06-20 23:28:36 +0000"
    },
    "done": true
  },
  "diamethysts:items/diamethyst_emerald_hilt": {
    "criteria": {
      "has_recipe": "2024-06-20 23:28:36 +0000"
    },
    "done": true
  },
  "diamethysts:armor/diamethyst_iron_chain_helmet": {
    "criteria": {
      "has_recipe": "2024-06-20 23:28:36 +0000"
    },
    "done": true
  },
  "diamethysts:items/diamethyst_shard": {
    "criteria": {
      "has_recipe": "2024-06-20 23:28:36 +0000"
    },
    "done": true
  },
  "diamethysts:armor/diamethyst_copper_shield": {
    "criteria": {
      "has_recipe": "2024-06-20 23:28:36 +0000"
    },
    "done": true
  },
  "diamethysts:weapons/diamethyst_gold_scimitar": {
    "criteria": {
      "has_recipe": "2024-06-20 23:28:36 +0000"
    },
    "done": true
  },
  "diamethysts:items/diamethyst_copper_chain": {
    "criteria": {
      "has_recipe": "2024-06-20 23:28:36 +0000"
    },
    "done": true
  },
  "mcwroofs:recipes/awning": {
    "criteria": {
      "has_planks": "2024-06-20 23:49:34 +0000"
    },
    "done": true
  },
  "diamethysts:weapons/diamethyst_bow": {
    "criteria": {
      "has_recipe": "2024-06-20 23:28:36 +0000"
    },
    "done": true
  },
  "minecraft:story/smelt_iron": {
    "criteria": {
      "iron": "2024-06-20 23:47:08 +0000"
    },
    "done": true
  },
  "diamethysts:armor/diamethyst_gold_chestplate": {
    "criteria": {
      "has_recipe": "2024-06-20 23:28:36 +0000"
    },
    "done": true
  },
  "diamethysts:tools/diamethyst_diamond_shovel": {
    "criteria": {
      "has_recipe": "2024-06-20 23:28:36 +0000"
    },
    "done": true
  },
  "diamethysts:items/strung_lapis": {
    "criteria": {
      "has_recipe": "2024-06-20 23:28:36 +0000"
    },
    "done": true
  },
  "diamethysts:tools/diamethyst_prismarine_pickaxe": {
    "criteria": {
      "has_recipe": "2024-06-20 23:28:36 +0000"
    },
    "done": true
  },
  "DataVersion": 3120
}